file_name,runtime,maxN,entries,runner,date,machine
v00.py,0.02,2,1,python3,2019-09-07,mbp2012
v00.py,0.03,2,1,python3,2019-09-07,mbp2012
v00.py,0.03,2,1,python3,2019-09-07,mbp2012
v00.py,0.03,2,1,python3,2019-09-07,mbp2012
v00.py,0.03,2,1,python3,2019-09-07,mbp2012
v00.py,0.03,4,1,python3,2019-09-07,mbp2012
v00.py,0.03,4,1,python3,2019-09-07,mbp2012
v00.py,0.03,4,1,python3,2019-09-07,mbp2012
v00.py,0.03,4,1,python3,2019-09-07,mbp2012
v00.py,0.03,4,1,python3,2019-09-07,mbp2012
v00.py,0.03,8,1,python3,2019-09-07,mbp2012
v00.py,0.03,8,1,python3,2019-09-07,mbp2012
v00.py,0.03,8,1,python3,2019-09-07,mbp2012
v00.py,0.03,8,1,python3,2019-09-07,mbp2012
v00.py,0.03,8,1,python3,2019-09-07,mbp2012
v00.py,0.03,16,1,python3,2019-09-07,mbp2012
v00.py,0.03,16,1,python3,2019-09-07,mbp2012
v00.py,0.03,16,1,python3,2019-09-07,mbp2012
v00.py,0.03,16,1,python3,2019-09-07,mbp2012
v00.py,0.03,16,1,python3,2019-09-07,mbp2012
v00.py,0.08,32,1,python3,2019-09-07,mbp2012
v00.py,0.08,32,1,python3,2019-09-07,mbp2012
v00.py,0.08,32,1,python3,2019-09-07,mbp2012
v00.py,0.08,32,1,python3,2019-09-07,mbp2012
v00.py,0.08,32,1,python3,2019-09-07,mbp2012
v00.py,0.42,64,1,python3,2019-09-07,mbp2012
v00.py,0.42,64,1,python3,2019-09-07,mbp2012
v00.py,0.42,64,1,python3,2019-09-07,mbp2012
v00.py,0.42,64,1,python3,2019-09-07,mbp2012
v00.py,0.42,64,1,python3,2019-09-07,mbp2012
v00.py,3.29,128,1,python3,2019-09-07,mbp2012
v00.py,3.11,128,1,python3,2019-09-07,mbp2012
v00.py,3.13,128,1,python3,2019-09-07,mbp2012
v00.py,3.12,128,1,python3,2019-09-07,mbp2012
v00.py,3.12,128,1,python3,2019-09-07,mbp2012
v00.py,24.49,256,1,python3,2019-09-07,mbp2012
v00.py,24.39,256,1,python3,2019-09-07,mbp2012
v00.py,24.31,256,1,python3,2019-09-07,mbp2012
v00.py,24.31,256,1,python3,2019-09-07,mbp2012
v00.py,24.45,256,1,python3,2019-09-07,mbp2012
v00.py,199.77,512,1,python3,2019-09-07,mbp2012
v00.py,200.2,512,1,python3,2019-09-07,mbp2012
v00.py,0.44,2,1,pypy3,2019-09-07,mbp2012
v00.py,0.15,2,1,pypy3,2019-09-07,mbp2012
v00.py,0.15,2,1,pypy3,2019-09-07,mbp2012
v00.py,0.14,2,1,pypy3,2019-09-07,mbp2012
v00.py,0.14,2,1,pypy3,2019-09-07,mbp2012
v00.py,0.15,4,1,pypy3,2019-09-07,mbp2012
v00.py,0.15,4,1,pypy3,2019-09-07,mbp2012
v00.py,0.15,4,1,pypy3,2019-09-07,mbp2012
v00.py,0.14,4,1,pypy3,2019-09-07,mbp2012
v00.py,0.15,4,1,pypy3,2019-09-07,mbp2012
v00.py,0.15,8,1,pypy3,2019-09-07,mbp2012
v00.py,0.15,8,1,pypy3,2019-09-07,mbp2012
v00.py,0.15,8,1,pypy3,2019-09-07,mbp2012
v00.py,0.15,8,1,pypy3,2019-09-07,mbp2012
v00.py,0.15,8,1,pypy3,2019-09-07,mbp2012
v00.py,0.16,16,1,pypy3,2019-09-07,mbp2012
v00.py,0.16,16,1,pypy3,2019-09-07,mbp2012
v00.py,0.17,16,1,pypy3,2019-09-07,mbp2012
v00.py,0.17,16,1,pypy3,2019-09-07,mbp2012
v00.py,0.17,16,1,pypy3,2019-09-07,mbp2012
v00.py,0.18,32,1,pypy3,2019-09-07,mbp2012
v00.py,0.18,32,1,pypy3,2019-09-07,mbp2012
v00.py,0.18,32,1,pypy3,2019-09-07,mbp2012
v00.py,0.22,32,1,pypy3,2019-09-07,mbp2012
v00.py,0.18,32,1,pypy3,2019-09-07,mbp2012
v00.py,0.22,64,1,pypy3,2019-09-07,mbp2012
v00.py,0.22,64,1,pypy3,2019-09-07,mbp2012
v00.py,0.22,64,1,pypy3,2019-09-07,mbp2012
v00.py,0.23,64,1,pypy3,2019-09-07,mbp2012
v00.py,0.21,64,1,pypy3,2019-09-07,mbp2012
v00.py,0.57,128,1,pypy3,2019-09-07,mbp2012
v00.py,0.57,128,1,pypy3,2019-09-07,mbp2012
v00.py,0.57,128,1,pypy3,2019-09-07,mbp2012
v00.py,0.57,128,1,pypy3,2019-09-07,mbp2012
v00.py,0.58,128,1,pypy3,2019-09-07,mbp2012
v00.py,3.43,256,1,pypy3,2019-09-07,mbp2012
v00.py,3.44,256,1,pypy3,2019-09-07,mbp2012
v00.py,3.43,256,1,pypy3,2019-09-07,mbp2012
v00.py,3.46,256,1,pypy3,2019-09-07,mbp2012
v00.py,3.49,256,1,pypy3,2019-09-07,mbp2012
v00.py,27.07,512,1,pypy3,2019-09-07,mbp2012
v00.py,27.15,512,1,pypy3,2019-09-07,mbp2012
v00.py,27.02,512,1,pypy3,2019-09-07,mbp2012
v00.py,26.95,512,1,pypy3,2019-09-07,mbp2012
v00.py,27.04,512,1,pypy3,2019-09-07,mbp2012
v00.py,222.83,1024,1,pypy3,2019-09-07,mbp2012
v01.py,0.03,2,1,python3,2019-09-07,mbp2012
v01.py,0.03,2,1,python3,2019-09-07,mbp2012
v01.py,0.02,2,1,python3,2019-09-07,mbp2012
v01.py,0.03,2,1,python3,2019-09-07,mbp2012
v01.py,0.03,2,1,python3,2019-09-07,mbp2012
v01.py,0.03,4,1,python3,2019-09-07,mbp2012
v01.py,0.03,4,1,python3,2019-09-07,mbp2012
v01.py,0.03,4,1,python3,2019-09-07,mbp2012
v01.py,0.03,4,1,python3,2019-09-07,mbp2012
v01.py,0.02,4,1,python3,2019-09-07,mbp2012
v01.py,0.03,8,1,python3,2019-09-07,mbp2012
v01.py,0.03,8,1,python3,2019-09-07,mbp2012
v01.py,0.03,8,1,python3,2019-09-07,mbp2012
v01.py,0.03,8,1,python3,2019-09-07,mbp2012
v01.py,0.03,8,1,python3,2019-09-07,mbp2012
v01.py,0.03,16,1,python3,2019-09-07,mbp2012
v01.py,0.03,16,1,python3,2019-09-07,mbp2012
v01.py,0.03,16,1,python3,2019-09-07,mbp2012
v01.py,0.03,16,1,python3,2019-09-07,mbp2012
v01.py,0.03,16,1,python3,2019-09-07,mbp2012
v01.py,0.04,32,1,python3,2019-09-07,mbp2012
v01.py,0.05,32,1,python3,2019-09-07,mbp2012
v01.py,0.05,32,1,python3,2019-09-07,mbp2012
v01.py,0.04,32,1,python3,2019-09-07,mbp2012
v01.py,0.04,32,1,python3,2019-09-07,mbp2012
v01.py,0.17,64,1,python3,2019-09-07,mbp2012
v01.py,0.17,64,1,python3,2019-09-07,mbp2012
v01.py,0.17,64,1,python3,2019-09-07,mbp2012
v01.py,0.17,64,1,python3,2019-09-07,mbp2012
v01.py,0.18,64,1,python3,2019-09-07,mbp2012
v01.py,1.17,128,1,python3,2019-09-07,mbp2012
v01.py,1.2,128,1,python3,2019-09-07,mbp2012
v01.py,1.17,128,1,python3,2019-09-07,mbp2012
v01.py,1.22,128,1,python3,2019-09-07,mbp2012
v01.py,1.2,128,1,python3,2019-09-07,mbp2012
v01.py,9.24,256,1,python3,2019-09-07,mbp2012
v01.py,9.49,256,1,python3,2019-09-07,mbp2012
v01.py,9.32,256,1,python3,2019-09-07,mbp2012
v01.py,9.92,256,1,python3,2019-09-07,mbp2012
v01.py,9.48,256,1,python3,2019-09-07,mbp2012
v01.py,76.16,512,1,python3,2019-09-07,mbp2012
v01.py,78.28,512,1,python3,2019-09-07,mbp2012
v01.py,78.98,512,1,python3,2019-09-07,mbp2012
v01.py,78.52,512,1,python3,2019-09-07,mbp2012
v01.py,0.5,2,1,pypy3,2019-09-07,mbp2012
v01.py,0.15,2,1,pypy3,2019-09-07,mbp2012
v01.py,0.15,2,1,pypy3,2019-09-07,mbp2012
v01.py,0.15,2,1,pypy3,2019-09-07,mbp2012
v01.py,0.15,2,1,pypy3,2019-09-07,mbp2012
v01.py,0.15,4,1,pypy3,2019-09-07,mbp2012
v01.py,0.15,4,1,pypy3,2019-09-07,mbp2012
v01.py,0.15,4,1,pypy3,2019-09-07,mbp2012
v01.py,0.16,4,1,pypy3,2019-09-07,mbp2012
v01.py,0.14,4,1,pypy3,2019-09-07,mbp2012
v01.py,0.15,8,1,pypy3,2019-09-07,mbp2012
v01.py,0.15,8,1,pypy3,2019-09-07,mbp2012
v01.py,0.15,8,1,pypy3,2019-09-07,mbp2012
v01.py,0.15,8,1,pypy3,2019-09-07,mbp2012
v01.py,0.15,8,1,pypy3,2019-09-07,mbp2012
v01.py,0.17,16,1,pypy3,2019-09-07,mbp2012
v01.py,0.17,16,1,pypy3,2019-09-07,mbp2012
v01.py,0.17,16,1,pypy3,2019-09-07,mbp2012
v01.py,0.17,16,1,pypy3,2019-09-07,mbp2012
v01.py,0.16,16,1,pypy3,2019-09-07,mbp2012
v01.py,0.18,32,1,pypy3,2019-09-07,mbp2012
v01.py,0.18,32,1,pypy3,2019-09-07,mbp2012
v01.py,0.18,32,1,pypy3,2019-09-07,mbp2012
v01.py,0.17,32,1,pypy3,2019-09-07,mbp2012
v01.py,0.18,32,1,pypy3,2019-09-07,mbp2012
v01.py,0.21,64,1,pypy3,2019-09-07,mbp2012
v01.py,0.22,64,1,pypy3,2019-09-07,mbp2012
v01.py,0.22,64,1,pypy3,2019-09-07,mbp2012
v01.py,0.22,64,1,pypy3,2019-09-07,mbp2012
v01.py,0.22,64,1,pypy3,2019-09-07,mbp2012
v01.py,0.57,128,1,pypy3,2019-09-07,mbp2012
v01.py,0.56,128,1,pypy3,2019-09-07,mbp2012
v01.py,0.58,128,1,pypy3,2019-09-07,mbp2012
v01.py,0.57,128,1,pypy3,2019-09-07,mbp2012
v01.py,0.57,128,1,pypy3,2019-09-07,mbp2012
v01.py,3.45,256,1,pypy3,2019-09-07,mbp2012
v01.py,3.56,256,1,pypy3,2019-09-07,mbp2012
v01.py,3.44,256,1,pypy3,2019-09-07,mbp2012
v01.py,3.47,256,1,pypy3,2019-09-07,mbp2012
v01.py,3.5,256,1,pypy3,2019-09-07,mbp2012
v01.py,28.02,512,1,pypy3,2019-09-07,mbp2012
v01.py,27.36,512,1,pypy3,2019-09-07,mbp2012
v01.py,27.71,512,1,pypy3,2019-09-07,mbp2012
v01.py,28.22,512,1,pypy3,2019-09-07,mbp2012
v01.py,28.02,512,1,pypy3,2019-09-07,mbp2012
v01.py,223.54,1024,1,pypy3,2019-09-07,mbp2012
v01.py,220.48,1024,1,pypy3,2019-09-07,mbp2012
v02.py,0.03,2,1,python3,2019-09-07,mbp2012
v02.py,0.03,2,1,python3,2019-09-07,mbp2012
v02.py,0.03,2,1,python3,2019-09-07,mbp2012
v02.py,0.03,2,1,python3,2019-09-07,mbp2012
v02.py,0.03,2,1,python3,2019-09-07,mbp2012
v02.py,0.03,4,1,python3,2019-09-07,mbp2012
v02.py,0.03,4,1,python3,2019-09-07,mbp2012
v02.py,0.03,4,1,python3,2019-09-07,mbp2012
v02.py,0.03,4,1,python3,2019-09-07,mbp2012
v02.py,0.03,4,1,python3,2019-09-07,mbp2012
v02.py,0.03,8,1,python3,2019-09-07,mbp2012
v02.py,0.03,8,1,python3,2019-09-07,mbp2012
v02.py,0.03,8,1,python3,2019-09-07,mbp2012
v02.py,0.02,8,1,python3,2019-09-07,mbp2012
v02.py,0.03,8,1,python3,2019-09-07,mbp2012
v02.py,0.03,16,1,python3,2019-09-07,mbp2012
v02.py,0.03,16,1,python3,2019-09-07,mbp2012
v02.py,0.03,16,1,python3,2019-09-07,mbp2012
v02.py,0.03,16,1,python3,2019-09-07,mbp2012
v02.py,0.03,16,1,python3,2019-09-07,mbp2012
v02.py,0.03,32,1,python3,2019-09-07,mbp2012
v02.py,0.03,32,1,python3,2019-09-07,mbp2012
v02.py,0.03,32,1,python3,2019-09-07,mbp2012
v02.py,0.03,32,1,python3,2019-09-07,mbp2012
v02.py,0.03,32,1,python3,2019-09-07,mbp2012
v02.py,0.05,64,1,python3,2019-09-07,mbp2012
v02.py,0.05,64,1,python3,2019-09-07,mbp2012
v02.py,0.05,64,1,python3,2019-09-07,mbp2012
v02.py,0.05,64,1,python3,2019-09-07,mbp2012
v02.py,0.05,64,1,python3,2019-09-07,mbp2012
v02.py,0.25,128,1,python3,2019-09-07,mbp2012
v02.py,0.25,128,1,python3,2019-09-07,mbp2012
v02.py,0.25,128,1,python3,2019-09-07,mbp2012
v02.py,0.25,128,1,python3,2019-09-07,mbp2012
v02.py,0.25,128,1,python3,2019-09-07,mbp2012
v02.py,1.8,256,1,python3,2019-09-07,mbp2012
v02.py,1.79,256,1,python3,2019-09-07,mbp2012
v02.py,1.79,256,1,python3,2019-09-07,mbp2012
v02.py,1.78,256,1,python3,2019-09-07,mbp2012
v02.py,1.79,256,1,python3,2019-09-07,mbp2012
v02.py,15.24,512,1,python3,2019-09-07,mbp2012
v02.py,15.13,512,1,python3,2019-09-07,mbp2012
v02.py,15.19,512,1,python3,2019-09-07,mbp2012
v02.py,15.13,512,1,python3,2019-09-07,mbp2012
v02.py,15.24,512,1,python3,2019-09-07,mbp2012
v02.py,125.9,1024,1,python3,2019-09-07,mbp2012
v02.py,125.54,1024,1,python3,2019-09-07,mbp2012
v02.py,125.44,1024,1,python3,2019-09-07,mbp2012
v02.py,0.14,2,1,pypy3,2019-09-07,mbp2012
v02.py,0.14,2,1,pypy3,2019-09-07,mbp2012
v02.py,0.14,2,1,pypy3,2019-09-07,mbp2012
v02.py,0.14,2,1,pypy3,2019-09-07,mbp2012
v02.py,0.14,2,1,pypy3,2019-09-07,mbp2012
v02.py,0.14,4,1,pypy3,2019-09-07,mbp2012
v02.py,0.14,4,1,pypy3,2019-09-07,mbp2012
v02.py,0.14,4,1,pypy3,2019-09-07,mbp2012
v02.py,0.14,4,1,pypy3,2019-09-07,mbp2012
v02.py,0.14,4,1,pypy3,2019-09-07,mbp2012
v02.py,0.14,8,1,pypy3,2019-09-07,mbp2012
v02.py,0.14,8,1,pypy3,2019-09-07,mbp2012
v02.py,0.14,8,1,pypy3,2019-09-07,mbp2012
v02.py,0.14,8,1,pypy3,2019-09-07,mbp2012
v02.py,0.14,8,1,pypy3,2019-09-07,mbp2012
v02.py,0.15,16,1,pypy3,2019-09-07,mbp2012
v02.py,0.14,16,1,pypy3,2019-09-07,mbp2012
v02.py,0.14,16,1,pypy3,2019-09-07,mbp2012
v02.py,0.14,16,1,pypy3,2019-09-07,mbp2012
v02.py,0.14,16,1,pypy3,2019-09-07,mbp2012
v02.py,0.15,32,1,pypy3,2019-09-07,mbp2012
v02.py,0.15,32,1,pypy3,2019-09-07,mbp2012
v02.py,0.15,32,1,pypy3,2019-09-07,mbp2012
v02.py,0.15,32,1,pypy3,2019-09-07,mbp2012
v02.py,0.15,32,1,pypy3,2019-09-07,mbp2012
v02.py,0.15,64,1,pypy3,2019-09-07,mbp2012
v02.py,0.15,64,1,pypy3,2019-09-07,mbp2012
v02.py,0.15,64,1,pypy3,2019-09-07,mbp2012
v02.py,0.15,64,1,pypy3,2019-09-07,mbp2012
v02.py,0.15,64,1,pypy3,2019-09-07,mbp2012
v02.py,0.16,128,1,pypy3,2019-09-07,mbp2012
v02.py,0.16,128,1,pypy3,2019-09-07,mbp2012
v02.py,0.16,128,1,pypy3,2019-09-07,mbp2012
v02.py,0.16,128,1,pypy3,2019-09-07,mbp2012
v02.py,0.16,128,1,pypy3,2019-09-07,mbp2012
v02.py,0.26,256,1,pypy3,2019-09-07,mbp2012
v02.py,0.26,256,1,pypy3,2019-09-07,mbp2012
v02.py,0.26,256,1,pypy3,2019-09-07,mbp2012
v02.py,0.26,256,1,pypy3,2019-09-07,mbp2012
v02.py,0.26,256,1,pypy3,2019-09-07,mbp2012
v02.py,1.01,512,1,pypy3,2019-09-07,mbp2012
v02.py,1.0,512,1,pypy3,2019-09-07,mbp2012
v02.py,1.0,512,1,pypy3,2019-09-07,mbp2012
v02.py,1.0,512,1,pypy3,2019-09-07,mbp2012
v02.py,1.0,512,1,pypy3,2019-09-07,mbp2012
v02.py,6.87,1024,1,pypy3,2019-09-07,mbp2012
v02.py,6.87,1024,1,pypy3,2019-09-07,mbp2012
v02.py,6.87,1024,1,pypy3,2019-09-07,mbp2012
v02.py,6.87,1024,1,pypy3,2019-09-07,mbp2012
v02.py,6.87,1024,1,pypy3,2019-09-07,mbp2012
v02.py,45.79,2048,1,pypy3,2019-09-07,mbp2012
v02.py,45.76,2048,1,pypy3,2019-09-07,mbp2012
v02.py,45.81,2048,1,pypy3,2019-09-07,mbp2012
v02.py,45.76,2048,1,pypy3,2019-09-07,mbp2012
v02.py,45.75,2048,1,pypy3,2019-09-07,mbp2012
v02.py,367.63,4096,1,pypy3,2019-09-07,mbp2012
v03a.py,0.02,2,1,python3,2019-09-07,mbp2012
v03a.py,0.02,2,1,python3,2019-09-07,mbp2012
v03a.py,0.03,2,1,python3,2019-09-07,mbp2012
v03a.py,0.03,2,1,python3,2019-09-07,mbp2012
v03a.py,0.03,2,1,python3,2019-09-07,mbp2012
v03a.py,0.03,4,1,python3,2019-09-07,mbp2012
v03a.py,0.02,4,1,python3,2019-09-07,mbp2012
v03a.py,0.03,4,1,python3,2019-09-07,mbp2012
v03a.py,0.03,4,1,python3,2019-09-07,mbp2012
v03a.py,0.03,4,1,python3,2019-09-07,mbp2012
v03a.py,0.03,8,1,python3,2019-09-07,mbp2012
v03a.py,0.03,8,1,python3,2019-09-07,mbp2012
v03a.py,0.03,8,1,python3,2019-09-07,mbp2012
v03a.py,0.03,8,1,python3,2019-09-07,mbp2012
v03a.py,0.02,8,1,python3,2019-09-07,mbp2012
v03a.py,0.02,16,1,python3,2019-09-07,mbp2012
v03a.py,0.03,16,1,python3,2019-09-07,mbp2012
v03a.py,0.03,16,1,python3,2019-09-07,mbp2012
v03a.py,0.03,16,1,python3,2019-09-07,mbp2012
v03a.py,0.03,16,1,python3,2019-09-07,mbp2012
v03a.py,0.03,32,1,python3,2019-09-07,mbp2012
v03a.py,0.03,32,1,python3,2019-09-07,mbp2012
v03a.py,0.03,32,1,python3,2019-09-07,mbp2012
v03a.py,0.03,32,1,python3,2019-09-07,mbp2012
v03a.py,0.03,32,1,python3,2019-09-07,mbp2012
v03a.py,0.03,64,1,python3,2019-09-07,mbp2012
v03a.py,0.04,64,1,python3,2019-09-07,mbp2012
v03a.py,0.04,64,1,python3,2019-09-07,mbp2012
v03a.py,0.03,64,1,python3,2019-09-07,mbp2012
v03a.py,0.04,64,1,python3,2019-09-07,mbp2012
v03a.py,0.1,128,1,python3,2019-09-07,mbp2012
v03a.py,0.11,128,1,python3,2019-09-07,mbp2012
v03a.py,0.1,128,1,python3,2019-09-07,mbp2012
v03a.py,0.13,128,1,python3,2019-09-07,mbp2012
v03a.py,0.12,128,1,python3,2019-09-07,mbp2012
v03a.py,0.67,256,1,python3,2019-09-07,mbp2012
v03a.py,0.67,256,1,python3,2019-09-07,mbp2012
v03a.py,0.67,256,1,python3,2019-09-07,mbp2012
v03a.py,0.67,256,1,python3,2019-09-07,mbp2012
v03a.py,0.67,256,1,python3,2019-09-07,mbp2012
v03a.py,5.47,512,1,python3,2019-09-07,mbp2012
v03a.py,5.49,512,1,python3,2019-09-07,mbp2012
v03a.py,5.47,512,1,python3,2019-09-07,mbp2012
v03a.py,5.5,512,1,python3,2019-09-07,mbp2012
v03a.py,5.9,512,1,python3,2019-09-07,mbp2012
v03a.py,43.92,1024,1,python3,2019-09-07,mbp2012
v03a.py,43.98,1024,1,python3,2019-09-07,mbp2012
v03a.py,44.27,1024,1,python3,2019-09-07,mbp2012
v03a.py,44.37,1024,1,python3,2019-09-07,mbp2012
v03a.py,44.24,1024,1,python3,2019-09-07,mbp2012
v03a.py,352.4,2048,1,python3,2019-09-07,mbp2012
v03a.py,0.14,2,1,pypy3,2019-09-07,mbp2012
v03a.py,0.14,2,1,pypy3,2019-09-07,mbp2012
v03a.py,0.14,2,1,pypy3,2019-09-07,mbp2012
v03a.py,0.14,2,1,pypy3,2019-09-07,mbp2012
v03a.py,0.14,2,1,pypy3,2019-09-07,mbp2012
v03a.py,0.14,4,1,pypy3,2019-09-07,mbp2012
v03a.py,0.14,4,1,pypy3,2019-09-07,mbp2012
v03a.py,0.14,4,1,pypy3,2019-09-07,mbp2012
v03a.py,0.14,4,1,pypy3,2019-09-07,mbp2012
v03a.py,0.14,4,1,pypy3,2019-09-07,mbp2012
v03a.py,0.15,8,1,pypy3,2019-09-07,mbp2012
v03a.py,0.14,8,1,pypy3,2019-09-07,mbp2012
v03a.py,0.14,8,1,pypy3,2019-09-07,mbp2012
v03a.py,0.14,8,1,pypy3,2019-09-07,mbp2012
v03a.py,0.14,8,1,pypy3,2019-09-07,mbp2012
v03a.py,0.14,16,1,pypy3,2019-09-07,mbp2012
v03a.py,0.14,16,1,pypy3,2019-09-07,mbp2012
v03a.py,0.14,16,1,pypy3,2019-09-07,mbp2012
v03a.py,0.14,16,1,pypy3,2019-09-07,mbp2012
v03a.py,0.14,16,1,pypy3,2019-09-07,mbp2012
v03a.py,0.15,32,1,pypy3,2019-09-07,mbp2012
v03a.py,0.14,32,1,pypy3,2019-09-07,mbp2012
v03a.py,0.14,32,1,pypy3,2019-09-07,mbp2012
v03a.py,0.14,32,1,pypy3,2019-09-07,mbp2012
v03a.py,0.14,32,1,pypy3,2019-09-07,mbp2012
v03a.py,0.14,64,1,pypy3,2019-09-07,mbp2012
v03a.py,0.14,64,1,pypy3,2019-09-07,mbp2012
v03a.py,0.14,64,1,pypy3,2019-09-07,mbp2012
v03a.py,0.14,64,1,pypy3,2019-09-07,mbp2012
v03a.py,0.14,64,1,pypy3,2019-09-07,mbp2012
v03a.py,0.15,128,1,pypy3,2019-09-07,mbp2012
v03a.py,0.14,128,1,pypy3,2019-09-07,mbp2012
v03a.py,0.14,128,1,pypy3,2019-09-07,mbp2012
v03a.py,0.14,128,1,pypy3,2019-09-07,mbp2012
v03a.py,0.14,128,1,pypy3,2019-09-07,mbp2012
v03a.py,0.15,256,1,pypy3,2019-09-07,mbp2012
v03a.py,0.15,256,1,pypy3,2019-09-07,mbp2012
v03a.py,0.15,256,1,pypy3,2019-09-07,mbp2012
v03a.py,0.15,256,1,pypy3,2019-09-07,mbp2012
v03a.py,0.15,256,1,pypy3,2019-09-07,mbp2012
v03a.py,0.19,512,1,pypy3,2019-09-07,mbp2012
v03a.py,0.19,512,1,pypy3,2019-09-07,mbp2012
v03a.py,0.19,512,1,pypy3,2019-09-07,mbp2012
v03a.py,0.19,512,1,pypy3,2019-09-07,mbp2012
v03a.py,0.19,512,1,pypy3,2019-09-07,mbp2012
v03a.py,0.46,1024,1,pypy3,2019-09-07,mbp2012
v03a.py,0.46,1024,1,pypy3,2019-09-07,mbp2012
v03a.py,0.46,1024,1,pypy3,2019-09-07,mbp2012
v03a.py,0.46,1024,1,pypy3,2019-09-07,mbp2012
v03a.py,0.47,1024,1,pypy3,2019-09-07,mbp2012
v03a.py,2.53,2048,1,pypy3,2019-09-07,mbp2012
v03a.py,2.53,2048,1,pypy3,2019-09-07,mbp2012
v03a.py,2.53,2048,1,pypy3,2019-09-07,mbp2012
v03a.py,2.52,2048,1,pypy3,2019-09-07,mbp2012
v03a.py,2.53,2048,1,pypy3,2019-09-07,mbp2012
v03a.py,18.93,4096,1,pypy3,2019-09-07,mbp2012
v03a.py,18.93,4096,1,pypy3,2019-09-07,mbp2012
v03a.py,18.92,4096,1,pypy3,2019-09-07,mbp2012
v03a.py,18.92,4096,1,pypy3,2019-09-07,mbp2012
v03a.py,18.94,4096,1,pypy3,2019-09-07,mbp2012
v03a.py,149.74,8192,1,pypy3,2019-09-07,mbp2012
v03a.py,149.6,8192,1,pypy3,2019-09-07,mbp2012
v03a.py,149.62,8192,1,pypy3,2019-09-07,mbp2012
v03b.py,0.02,2,1,python3,2019-09-07,mbp2012
v03b.py,0.02,2,1,python3,2019-09-07,mbp2012
v03b.py,0.02,2,1,python3,2019-09-07,mbp2012
v03b.py,0.02,2,1,python3,2019-09-07,mbp2012
v03b.py,0.02,2,1,python3,2019-09-07,mbp2012
v03b.py,0.02,4,1,python3,2019-09-07,mbp2012
v03b.py,0.02,4,1,python3,2019-09-07,mbp2012
v03b.py,0.02,4,1,python3,2019-09-07,mbp2012
v03b.py,0.02,4,1,python3,2019-09-07,mbp2012
v03b.py,0.02,4,1,python3,2019-09-07,mbp2012
v03b.py,0.02,8,1,python3,2019-09-07,mbp2012
v03b.py,0.02,8,1,python3,2019-09-07,mbp2012
v03b.py,0.02,8,1,python3,2019-09-07,mbp2012
v03b.py,0.02,8,1,python3,2019-09-07,mbp2012
v03b.py,0.02,8,1,python3,2019-09-07,mbp2012
v03b.py,0.02,16,1,python3,2019-09-07,mbp2012
v03b.py,0.02,16,1,python3,2019-09-07,mbp2012
v03b.py,0.02,16,1,python3,2019-09-07,mbp2012
v03b.py,0.02,16,1,python3,2019-09-07,mbp2012
v03b.py,0.02,16,1,python3,2019-09-07,mbp2012
v03b.py,0.02,32,1,python3,2019-09-07,mbp2012
v03b.py,0.02,32,1,python3,2019-09-07,mbp2012
v03b.py,0.02,32,1,python3,2019-09-07,mbp2012
v03b.py,0.02,32,1,python3,2019-09-07,mbp2012
v03b.py,0.02,32,1,python3,2019-09-07,mbp2012
v03b.py,0.03,64,1,python3,2019-09-07,mbp2012
v03b.py,0.03,64,1,python3,2019-09-07,mbp2012
v03b.py,0.03,64,1,python3,2019-09-07,mbp2012
v03b.py,0.03,64,1,python3,2019-09-07,mbp2012
v03b.py,0.03,64,1,python3,2019-09-07,mbp2012
v03b.py,0.1,128,1,python3,2019-09-07,mbp2012
v03b.py,0.1,128,1,python3,2019-09-07,mbp2012
v03b.py,0.1,128,1,python3,2019-09-07,mbp2012
v03b.py,0.1,128,1,python3,2019-09-07,mbp2012
v03b.py,0.11,128,1,python3,2019-09-07,mbp2012
v03b.py,0.66,256,1,python3,2019-09-07,mbp2012
v03b.py,0.66,256,1,python3,2019-09-07,mbp2012
v03b.py,0.67,256,1,python3,2019-09-07,mbp2012
v03b.py,0.66,256,1,python3,2019-09-07,mbp2012
v03b.py,0.66,256,1,python3,2019-09-07,mbp2012
v03b.py,5.44,512,1,python3,2019-09-07,mbp2012
v03b.py,5.45,512,1,python3,2019-09-07,mbp2012
v03b.py,5.44,512,1,python3,2019-09-07,mbp2012
v03b.py,5.82,512,1,python3,2019-09-07,mbp2012
v03b.py,5.44,512,1,python3,2019-09-07,mbp2012
v03b.py,43.87,1024,1,python3,2019-09-07,mbp2012
v03b.py,43.86,1024,1,python3,2019-09-07,mbp2012
v03b.py,43.77,1024,1,python3,2019-09-07,mbp2012
v03b.py,43.86,1024,1,python3,2019-09-07,mbp2012
v03b.py,43.74,1024,1,python3,2019-09-07,mbp2012
v03b.py,350.91,2048,1,python3,2019-09-07,mbp2012
v03b.py,0.14,2,1,pypy3,2019-09-07,mbp2012
v03b.py,0.14,2,1,pypy3,2019-09-07,mbp2012
v03b.py,0.14,2,1,pypy3,2019-09-07,mbp2012
v03b.py,0.14,2,1,pypy3,2019-09-07,mbp2012
v03b.py,0.14,2,1,pypy3,2019-09-07,mbp2012
v03b.py,0.14,4,1,pypy3,2019-09-07,mbp2012
v03b.py,0.14,4,1,pypy3,2019-09-07,mbp2012
v03b.py,0.14,4,1,pypy3,2019-09-07,mbp2012
v03b.py,0.14,4,1,pypy3,2019-09-07,mbp2012
v03b.py,0.14,4,1,pypy3,2019-09-07,mbp2012
v03b.py,0.14,8,1,pypy3,2019-09-07,mbp2012
v03b.py,0.15,8,1,pypy3,2019-09-07,mbp2012
v03b.py,0.14,8,1,pypy3,2019-09-07,mbp2012
v03b.py,0.14,8,1,pypy3,2019-09-07,mbp2012
v03b.py,0.14,8,1,pypy3,2019-09-07,mbp2012
v03b.py,0.14,16,1,pypy3,2019-09-07,mbp2012
v03b.py,0.14,16,1,pypy3,2019-09-07,mbp2012
v03b.py,0.14,16,1,pypy3,2019-09-07,mbp2012
v03b.py,0.14,16,1,pypy3,2019-09-07,mbp2012
v03b.py,0.14,16,1,pypy3,2019-09-07,mbp2012
v03b.py,0.14,32,1,pypy3,2019-09-07,mbp2012
v03b.py,0.14,32,1,pypy3,2019-09-07,mbp2012
v03b.py,0.14,32,1,pypy3,2019-09-07,mbp2012
v03b.py,0.14,32,1,pypy3,2019-09-07,mbp2012
v03b.py,0.14,32,1,pypy3,2019-09-07,mbp2012
v03b.py,0.14,64,1,pypy3,2019-09-07,mbp2012
v03b.py,0.14,64,1,pypy3,2019-09-07,mbp2012
v03b.py,0.14,64,1,pypy3,2019-09-07,mbp2012
v03b.py,0.14,64,1,pypy3,2019-09-07,mbp2012
v03b.py,0.15,64,1,pypy3,2019-09-07,mbp2012
v03b.py,0.14,128,1,pypy3,2019-09-07,mbp2012
v03b.py,0.15,128,1,pypy3,2019-09-07,mbp2012
v03b.py,0.15,128,1,pypy3,2019-09-07,mbp2012
v03b.py,0.15,128,1,pypy3,2019-09-07,mbp2012
v03b.py,0.15,128,1,pypy3,2019-09-07,mbp2012
v03b.py,0.15,256,1,pypy3,2019-09-07,mbp2012
v03b.py,0.15,256,1,pypy3,2019-09-07,mbp2012
v03b.py,0.15,256,1,pypy3,2019-09-07,mbp2012
v03b.py,0.15,256,1,pypy3,2019-09-07,mbp2012
v03b.py,0.15,256,1,pypy3,2019-09-07,mbp2012
v03b.py,0.19,512,1,pypy3,2019-09-07,mbp2012
v03b.py,0.19,512,1,pypy3,2019-09-07,mbp2012
v03b.py,0.19,512,1,pypy3,2019-09-07,mbp2012
v03b.py,0.19,512,1,pypy3,2019-09-07,mbp2012
v03b.py,0.19,512,1,pypy3,2019-09-07,mbp2012
v03b.py,0.46,1024,1,pypy3,2019-09-07,mbp2012
v03b.py,0.46,1024,1,pypy3,2019-09-07,mbp2012
v03b.py,0.46,1024,1,pypy3,2019-09-07,mbp2012
v03b.py,0.46,1024,1,pypy3,2019-09-07,mbp2012
v03b.py,0.46,1024,1,pypy3,2019-09-07,mbp2012
v03b.py,2.52,2048,1,pypy3,2019-09-07,mbp2012
v03b.py,2.52,2048,1,pypy3,2019-09-07,mbp2012
v03b.py,2.52,2048,1,pypy3,2019-09-07,mbp2012
v03b.py,2.52,2048,1,pypy3,2019-09-07,mbp2012
v03b.py,2.53,2048,1,pypy3,2019-09-07,mbp2012
v03b.py,18.92,4096,1,pypy3,2019-09-07,mbp2012
v03b.py,18.94,4096,1,pypy3,2019-09-07,mbp2012
v03b.py,18.94,4096,1,pypy3,2019-09-07,mbp2012
v03b.py,18.93,4096,1,pypy3,2019-09-07,mbp2012
v03b.py,18.93,4096,1,pypy3,2019-09-07,mbp2012
v03b.py,149.61,8192,1,pypy3,2019-09-07,mbp2012
v03b.py,149.58,8192,1,pypy3,2019-09-07,mbp2012
v03b.py,149.64,8192,1,pypy3,2019-09-07,mbp2012
v04.py,0.02,2,1,python3,2019-09-07,mbp2012
v04.py,0.02,2,1,python3,2019-09-07,mbp2012
v04.py,0.02,2,1,python3,2019-09-07,mbp2012
v04.py,0.02,2,1,python3,2019-09-07,mbp2012
v04.py,0.02,2,1,python3,2019-09-07,mbp2012
v04.py,0.02,4,1,python3,2019-09-07,mbp2012
v04.py,0.02,4,1,python3,2019-09-07,mbp2012
v04.py,0.02,4,1,python3,2019-09-07,mbp2012
v04.py,0.02,4,1,python3,2019-09-07,mbp2012
v04.py,0.02,4,1,python3,2019-09-07,mbp2012
v04.py,0.02,8,1,python3,2019-09-07,mbp2012
v04.py,0.02,8,1,python3,2019-09-07,mbp2012
v04.py,0.02,8,1,python3,2019-09-07,mbp2012
v04.py,0.02,8,1,python3,2019-09-07,mbp2012
v04.py,0.02,8,1,python3,2019-09-07,mbp2012
v04.py,0.02,16,1,python3,2019-09-07,mbp2012
v04.py,0.02,16,1,python3,2019-09-07,mbp2012
v04.py,0.02,16,1,python3,2019-09-07,mbp2012
v04.py,0.02,16,1,python3,2019-09-07,mbp2012
v04.py,0.02,16,1,python3,2019-09-07,mbp2012
v04.py,0.02,32,1,python3,2019-09-07,mbp2012
v04.py,0.02,32,1,python3,2019-09-07,mbp2012
v04.py,0.02,32,1,python3,2019-09-07,mbp2012
v04.py,0.02,32,1,python3,2019-09-07,mbp2012
v04.py,0.02,32,1,python3,2019-09-07,mbp2012
v04.py,0.03,64,1,python3,2019-09-07,mbp2012
v04.py,0.03,64,1,python3,2019-09-07,mbp2012
v04.py,0.03,64,1,python3,2019-09-07,mbp2012
v04.py,0.03,64,1,python3,2019-09-07,mbp2012
v04.py,0.03,64,1,python3,2019-09-07,mbp2012
v04.py,0.07,128,1,python3,2019-09-07,mbp2012
v04.py,0.07,128,1,python3,2019-09-07,mbp2012
v04.py,0.07,128,1,python3,2019-09-07,mbp2012
v04.py,0.07,128,1,python3,2019-09-07,mbp2012
v04.py,0.07,128,1,python3,2019-09-07,mbp2012
v04.py,0.37,256,1,python3,2019-09-07,mbp2012
v04.py,0.37,256,1,python3,2019-09-07,mbp2012
v04.py,0.37,256,1,python3,2019-09-07,mbp2012
v04.py,0.37,256,1,python3,2019-09-07,mbp2012
v04.py,0.37,256,1,python3,2019-09-07,mbp2012
v04.py,3.06,512,1,python3,2019-09-07,mbp2012
v04.py,3.06,512,1,python3,2019-09-07,mbp2012
v04.py,3.06,512,1,python3,2019-09-07,mbp2012
v04.py,3.07,512,1,python3,2019-09-07,mbp2012
v04.py,3.06,512,1,python3,2019-09-07,mbp2012
v04.py,24.43,1024,1,python3,2019-09-07,mbp2012
v04.py,24.46,1024,1,python3,2019-09-07,mbp2012
v04.py,24.44,1024,1,python3,2019-09-07,mbp2012
v04.py,24.43,1024,1,python3,2019-09-07,mbp2012
v04.py,24.45,1024,1,python3,2019-09-07,mbp2012
v04.py,194.82,2048,1,python3,2019-09-07,mbp2012
v04.py,194.77,2048,1,python3,2019-09-07,mbp2012
v04.py,0.14,2,1,pypy3,2019-09-07,mbp2012
v04.py,0.14,2,1,pypy3,2019-09-07,mbp2012
v04.py,0.14,2,1,pypy3,2019-09-07,mbp2012
v04.py,0.14,2,1,pypy3,2019-09-07,mbp2012
v04.py,0.14,2,1,pypy3,2019-09-07,mbp2012
v04.py,0.14,4,1,pypy3,2019-09-07,mbp2012
v04.py,0.14,4,1,pypy3,2019-09-07,mbp2012
v04.py,0.14,4,1,pypy3,2019-09-07,mbp2012
v04.py,0.14,4,1,pypy3,2019-09-07,mbp2012
v04.py,0.14,4,1,pypy3,2019-09-07,mbp2012
v04.py,0.14,8,1,pypy3,2019-09-07,mbp2012
v04.py,0.14,8,1,pypy3,2019-09-07,mbp2012
v04.py,0.14,8,1,pypy3,2019-09-07,mbp2012
v04.py,0.14,8,1,pypy3,2019-09-07,mbp2012
v04.py,0.14,8,1,pypy3,2019-09-07,mbp2012
v04.py,0.14,16,1,pypy3,2019-09-07,mbp2012
v04.py,0.14,16,1,pypy3,2019-09-07,mbp2012
v04.py,0.14,16,1,pypy3,2019-09-07,mbp2012
v04.py,0.14,16,1,pypy3,2019-09-07,mbp2012
v04.py,0.14,16,1,pypy3,2019-09-07,mbp2012
v04.py,0.14,32,1,pypy3,2019-09-07,mbp2012
v04.py,0.14,32,1,pypy3,2019-09-07,mbp2012
v04.py,0.14,32,1,pypy3,2019-09-07,mbp2012
v04.py,0.14,32,1,pypy3,2019-09-07,mbp2012
v04.py,0.14,32,1,pypy3,2019-09-07,mbp2012
v04.py,0.14,64,1,pypy3,2019-09-07,mbp2012
v04.py,0.15,64,1,pypy3,2019-09-07,mbp2012
v04.py,0.14,64,1,pypy3,2019-09-07,mbp2012
v04.py,0.14,64,1,pypy3,2019-09-07,mbp2012
v04.py,0.14,64,1,pypy3,2019-09-07,mbp2012
v04.py,0.15,128,1,pypy3,2019-09-07,mbp2012
v04.py,0.15,128,1,pypy3,2019-09-07,mbp2012
v04.py,0.14,128,1,pypy3,2019-09-07,mbp2012
v04.py,0.14,128,1,pypy3,2019-09-07,mbp2012
v04.py,0.15,128,1,pypy3,2019-09-07,mbp2012
v04.py,0.15,256,1,pypy3,2019-09-07,mbp2012
v04.py,0.15,256,1,pypy3,2019-09-07,mbp2012
v04.py,0.15,256,1,pypy3,2019-09-07,mbp2012
v04.py,0.15,256,1,pypy3,2019-09-07,mbp2012
v04.py,0.15,256,1,pypy3,2019-09-07,mbp2012
v04.py,0.19,512,1,pypy3,2019-09-07,mbp2012
v04.py,0.2,512,1,pypy3,2019-09-07,mbp2012
v04.py,0.2,512,1,pypy3,2019-09-07,mbp2012
v04.py,0.19,512,1,pypy3,2019-09-07,mbp2012
v04.py,0.19,512,1,pypy3,2019-09-07,mbp2012
v04.py,0.46,1024,1,pypy3,2019-09-07,mbp2012
v04.py,0.46,1024,1,pypy3,2019-09-07,mbp2012
v04.py,0.46,1024,1,pypy3,2019-09-07,mbp2012
v04.py,0.46,1024,1,pypy3,2019-09-07,mbp2012
v04.py,0.46,1024,1,pypy3,2019-09-07,mbp2012
v04.py,2.53,2048,1,pypy3,2019-09-07,mbp2012
v04.py,2.52,2048,1,pypy3,2019-09-07,mbp2012
v04.py,2.52,2048,1,pypy3,2019-09-07,mbp2012
v04.py,2.52,2048,1,pypy3,2019-09-07,mbp2012
v04.py,2.53,2048,1,pypy3,2019-09-07,mbp2012
v04.py,18.93,4096,1,pypy3,2019-09-07,mbp2012
v04.py,18.92,4096,1,pypy3,2019-09-07,mbp2012
v04.py,18.93,4096,1,pypy3,2019-09-07,mbp2012
v04.py,18.93,4096,1,pypy3,2019-09-07,mbp2012
v04.py,18.93,4096,1,pypy3,2019-09-07,mbp2012
v04.py,149.62,8192,1,pypy3,2019-09-07,mbp2012
v04.py,149.62,8192,1,pypy3,2019-09-07,mbp2012
v04.py,149.63,8192,1,pypy3,2019-09-07,mbp2012
v05.py,0.03,2,1,python3,2019-09-07,mbp2012
v05.py,0.02,2,1,python3,2019-09-07,mbp2012
v05.py,0.02,2,1,python3,2019-09-07,mbp2012
v05.py,0.02,2,1,python3,2019-09-07,mbp2012
v05.py,0.02,2,1,python3,2019-09-07,mbp2012
v05.py,0.02,4,1,python3,2019-09-07,mbp2012
v05.py,0.02,4,1,python3,2019-09-07,mbp2012
v05.py,0.02,4,1,python3,2019-09-07,mbp2012
v05.py,0.02,4,1,python3,2019-09-07,mbp2012
v05.py,0.02,4,1,python3,2019-09-07,mbp2012
v05.py,0.02,8,1,python3,2019-09-07,mbp2012
v05.py,0.02,8,1,python3,2019-09-07,mbp2012
v05.py,0.02,8,1,python3,2019-09-07,mbp2012
v05.py,0.02,8,1,python3,2019-09-07,mbp2012
v05.py,0.02,8,1,python3,2019-09-07,mbp2012
v05.py,0.02,16,1,python3,2019-09-07,mbp2012
v05.py,0.02,16,1,python3,2019-09-07,mbp2012
v05.py,0.02,16,1,python3,2019-09-07,mbp2012
v05.py,0.02,16,1,python3,2019-09-07,mbp2012
v05.py,0.02,16,1,python3,2019-09-07,mbp2012
v05.py,0.02,32,1,python3,2019-09-07,mbp2012
v05.py,0.02,32,1,python3,2019-09-07,mbp2012
v05.py,0.02,32,1,python3,2019-09-07,mbp2012
v05.py,0.02,32,1,python3,2019-09-07,mbp2012
v05.py,0.02,32,1,python3,2019-09-07,mbp2012
v05.py,0.02,64,1,python3,2019-09-07,mbp2012
v05.py,0.02,64,1,python3,2019-09-07,mbp2012
v05.py,0.02,64,1,python3,2019-09-07,mbp2012
v05.py,0.02,64,1,python3,2019-09-07,mbp2012
v05.py,0.02,64,1,python3,2019-09-07,mbp2012
v05.py,0.03,128,1,python3,2019-09-07,mbp2012
v05.py,0.03,128,1,python3,2019-09-07,mbp2012
v05.py,0.04,128,1,python3,2019-09-07,mbp2012
v05.py,0.03,128,1,python3,2019-09-07,mbp2012
v05.py,0.04,128,1,python3,2019-09-07,mbp2012
v05.py,0.12,256,1,python3,2019-09-07,mbp2012
v05.py,0.12,256,1,python3,2019-09-07,mbp2012
v05.py,0.11,256,1,python3,2019-09-07,mbp2012
v05.py,0.11,256,1,python3,2019-09-07,mbp2012
v05.py,0.11,256,1,python3,2019-09-07,mbp2012
v05.py,0.8,512,1,python3,2019-09-07,mbp2012
v05.py,0.8,512,1,python3,2019-09-07,mbp2012
v05.py,0.8,512,1,python3,2019-09-07,mbp2012
v05.py,0.8,512,1,python3,2019-09-07,mbp2012
v05.py,0.8,512,1,python3,2019-09-07,mbp2012
v05.py,6.2,1024,1,python3,2019-09-07,mbp2012
v05.py,6.23,1024,1,python3,2019-09-07,mbp2012
v05.py,6.2,1024,1,python3,2019-09-07,mbp2012
v05.py,6.2,1024,1,python3,2019-09-07,mbp2012
v05.py,6.2,1024,1,python3,2019-09-07,mbp2012
v05.py,49.03,2048,1,python3,2019-09-07,mbp2012
v05.py,49.08,2048,1,python3,2019-09-07,mbp2012
v05.py,49.05,2048,1,python3,2019-09-07,mbp2012
v05.py,49.07,2048,1,python3,2019-09-07,mbp2012
v05.py,49.09,2048,1,python3,2019-09-07,mbp2012
v05.py,390.19,4096,1,python3,2019-09-07,mbp2012
v05.py,0.14,2,1,pypy3,2019-09-07,mbp2012
v05.py,0.14,2,1,pypy3,2019-09-07,mbp2012
v05.py,0.14,2,1,pypy3,2019-09-07,mbp2012
v05.py,0.14,2,1,pypy3,2019-09-07,mbp2012
v05.py,0.14,2,1,pypy3,2019-09-07,mbp2012
v05.py,0.14,4,1,pypy3,2019-09-07,mbp2012
v05.py,0.14,4,1,pypy3,2019-09-07,mbp2012
v05.py,0.14,4,1,pypy3,2019-09-07,mbp2012
v05.py,0.14,4,1,pypy3,2019-09-07,mbp2012
v05.py,0.14,4,1,pypy3,2019-09-07,mbp2012
v05.py,0.14,8,1,pypy3,2019-09-07,mbp2012
v05.py,0.14,8,1,pypy3,2019-09-07,mbp2012
v05.py,0.14,8,1,pypy3,2019-09-07,mbp2012
v05.py,0.14,8,1,pypy3,2019-09-07,mbp2012
v05.py,0.14,8,1,pypy3,2019-09-07,mbp2012
v05.py,0.14,16,1,pypy3,2019-09-07,mbp2012
v05.py,0.14,16,1,pypy3,2019-09-07,mbp2012
v05.py,0.14,16,1,pypy3,2019-09-07,mbp2012
v05.py,0.14,16,1,pypy3,2019-09-07,mbp2012
v05.py,0.14,16,1,pypy3,2019-09-07,mbp2012
v05.py,0.14,32,1,pypy3,2019-09-07,mbp2012
v05.py,0.14,32,1,pypy3,2019-09-07,mbp2012
v05.py,0.14,32,1,pypy3,2019-09-07,mbp2012
v05.py,0.14,32,1,pypy3,2019-09-07,mbp2012
v05.py,0.14,32,1,pypy3,2019-09-07,mbp2012
v05.py,0.15,64,1,pypy3,2019-09-07,mbp2012
v05.py,0.15,64,1,pypy3,2019-09-07,mbp2012
v05.py,0.15,64,1,pypy3,2019-09-07,mbp2012
v05.py,0.15,64,1,pypy3,2019-09-07,mbp2012
v05.py,0.15,64,1,pypy3,2019-09-07,mbp2012
v05.py,0.15,128,1,pypy3,2019-09-07,mbp2012
v05.py,0.15,128,1,pypy3,2019-09-07,mbp2012
v05.py,0.15,128,1,pypy3,2019-09-07,mbp2012
v05.py,0.15,128,1,pypy3,2019-09-07,mbp2012
v05.py,0.15,128,1,pypy3,2019-09-07,mbp2012
v05.py,0.15,256,1,pypy3,2019-09-07,mbp2012
v05.py,0.15,256,1,pypy3,2019-09-07,mbp2012
v05.py,0.15,256,1,pypy3,2019-09-07,mbp2012
v05.py,0.15,256,1,pypy3,2019-09-07,mbp2012
v05.py,0.15,256,1,pypy3,2019-09-07,mbp2012
v05.py,0.17,512,1,pypy3,2019-09-07,mbp2012
v05.py,0.17,512,1,pypy3,2019-09-07,mbp2012
v05.py,0.17,512,1,pypy3,2019-09-07,mbp2012
v05.py,0.16,512,1,pypy3,2019-09-07,mbp2012
v05.py,0.17,512,1,pypy3,2019-09-07,mbp2012
v05.py,0.25,1024,1,pypy3,2019-09-07,mbp2012
v05.py,0.25,1024,1,pypy3,2019-09-07,mbp2012
v05.py,0.25,1024,1,pypy3,2019-09-07,mbp2012
v05.py,0.25,1024,1,pypy3,2019-09-07,mbp2012
v05.py,0.25,1024,1,pypy3,2019-09-07,mbp2012
v05.py,0.79,2048,1,pypy3,2019-09-07,mbp2012
v05.py,0.79,2048,1,pypy3,2019-09-07,mbp2012
v05.py,0.79,2048,1,pypy3,2019-09-07,mbp2012
v05.py,0.79,2048,1,pypy3,2019-09-07,mbp2012
v05.py,0.79,2048,1,pypy3,2019-09-07,mbp2012
v05.py,4.96,4096,1,pypy3,2019-09-07,mbp2012
v05.py,4.96,4096,1,pypy3,2019-09-07,mbp2012
v05.py,4.97,4096,1,pypy3,2019-09-07,mbp2012
v05.py,4.96,4096,1,pypy3,2019-09-07,mbp2012
v05.py,4.96,4096,1,pypy3,2019-09-07,mbp2012
v05.py,37.96,8192,1,pypy3,2019-09-07,mbp2012
v05.py,37.94,8192,1,pypy3,2019-09-07,mbp2012
v05.py,37.96,8192,1,pypy3,2019-09-07,mbp2012
v05.py,37.96,8192,1,pypy3,2019-09-07,mbp2012
v05.py,37.95,8192,1,pypy3,2019-09-07,mbp2012
v05.py,300.3,16384,1,pypy3,2019-09-07,mbp2012
v06.py,0.02,2,1,python3,2019-09-07,mbp2012
v06.py,0.02,2,1,python3,2019-09-07,mbp2012
v06.py,0.02,2,1,python3,2019-09-07,mbp2012
v06.py,0.02,2,1,python3,2019-09-07,mbp2012
v06.py,0.02,2,1,python3,2019-09-07,mbp2012
v06.py,0.02,4,1,python3,2019-09-07,mbp2012
v06.py,0.02,4,1,python3,2019-09-07,mbp2012
v06.py,0.02,4,1,python3,2019-09-07,mbp2012
v06.py,0.02,4,1,python3,2019-09-07,mbp2012
v06.py,0.02,4,1,python3,2019-09-07,mbp2012
v06.py,0.02,8,1,python3,2019-09-07,mbp2012
v06.py,0.02,8,1,python3,2019-09-07,mbp2012
v06.py,0.02,8,1,python3,2019-09-07,mbp2012
v06.py,0.02,8,1,python3,2019-09-07,mbp2012
v06.py,0.02,8,1,python3,2019-09-07,mbp2012
v06.py,0.02,16,1,python3,2019-09-07,mbp2012
v06.py,0.02,16,1,python3,2019-09-07,mbp2012
v06.py,0.03,16,1,python3,2019-09-07,mbp2012
v06.py,0.02,16,1,python3,2019-09-07,mbp2012
v06.py,0.02,16,1,python3,2019-09-07,mbp2012
v06.py,0.02,32,1,python3,2019-09-07,mbp2012
v06.py,0.02,32,1,python3,2019-09-07,mbp2012
v06.py,0.02,32,1,python3,2019-09-07,mbp2012
v06.py,0.02,32,1,python3,2019-09-07,mbp2012
v06.py,0.02,32,1,python3,2019-09-07,mbp2012
v06.py,0.02,64,1,python3,2019-09-07,mbp2012
v06.py,0.02,64,1,python3,2019-09-07,mbp2012
v06.py,0.02,64,1,python3,2019-09-07,mbp2012
v06.py,0.02,64,1,python3,2019-09-07,mbp2012
v06.py,0.02,64,1,python3,2019-09-07,mbp2012
v06.py,0.02,128,1,python3,2019-09-07,mbp2012
v06.py,0.02,128,1,python3,2019-09-07,mbp2012
v06.py,0.02,128,1,python3,2019-09-07,mbp2012
v06.py,0.02,128,1,python3,2019-09-07,mbp2012
v06.py,0.02,128,1,python3,2019-09-07,mbp2012
v06.py,0.02,256,1,python3,2019-09-07,mbp2012
v06.py,0.03,256,1,python3,2019-09-07,mbp2012
v06.py,0.02,256,1,python3,2019-09-07,mbp2012
v06.py,0.02,256,1,python3,2019-09-07,mbp2012
v06.py,0.02,256,1,python3,2019-09-07,mbp2012
v06.py,0.02,512,1,python3,2019-09-07,mbp2012
v06.py,0.02,512,1,python3,2019-09-07,mbp2012
v06.py,0.02,512,1,python3,2019-09-07,mbp2012
v06.py,0.02,512,1,python3,2019-09-07,mbp2012
v06.py,0.02,512,1,python3,2019-09-07,mbp2012
v06.py,0.02,1024,1,python3,2019-09-07,mbp2012
v06.py,0.02,1024,1,python3,2019-09-07,mbp2012
v06.py,0.02,1024,1,python3,2019-09-07,mbp2012
v06.py,0.02,1024,1,python3,2019-09-07,mbp2012
v06.py,0.02,1024,1,python3,2019-09-07,mbp2012
v06.py,0.02,2048,1,python3,2019-09-07,mbp2012
v06.py,0.02,2048,1,python3,2019-09-07,mbp2012
v06.py,0.02,2048,1,python3,2019-09-07,mbp2012
v06.py,0.02,2048,1,python3,2019-09-07,mbp2012
v06.py,0.02,2048,1,python3,2019-09-07,mbp2012
v06.py,0.03,4096,1,python3,2019-09-07,mbp2012
v06.py,0.03,4096,1,python3,2019-09-07,mbp2012
v06.py,0.03,4096,1,python3,2019-09-07,mbp2012
v06.py,0.03,4096,1,python3,2019-09-07,mbp2012
v06.py,0.03,4096,1,python3,2019-09-07,mbp2012
v06.py,0.03,8192,1,python3,2019-09-07,mbp2012
v06.py,0.03,8192,1,python3,2019-09-07,mbp2012
v06.py,0.03,8192,1,python3,2019-09-07,mbp2012
v06.py,0.03,8192,1,python3,2019-09-07,mbp2012
v06.py,0.03,8192,1,python3,2019-09-07,mbp2012
v06.py,0.04,16384,1,python3,2019-09-07,mbp2012
v06.py,0.04,16384,1,python3,2019-09-07,mbp2012
v06.py,0.04,16384,1,python3,2019-09-07,mbp2012
v06.py,0.04,16384,1,python3,2019-09-07,mbp2012
v06.py,0.04,16384,1,python3,2019-09-07,mbp2012
v06.py,0.06,32768,1,python3,2019-09-07,mbp2012
v06.py,0.06,32768,1,python3,2019-09-07,mbp2012
v06.py,0.06,32768,1,python3,2019-09-07,mbp2012
v06.py,0.06,32768,1,python3,2019-09-07,mbp2012
v06.py,0.06,32768,1,python3,2019-09-07,mbp2012
v06.py,0.09,65536,1,python3,2019-09-07,mbp2012
v06.py,0.09,65536,1,python3,2019-09-07,mbp2012
v06.py,0.09,65536,1,python3,2019-09-07,mbp2012
v06.py,0.09,65536,1,python3,2019-09-07,mbp2012
v06.py,0.09,65536,1,python3,2019-09-07,mbp2012
v06.py,0.16,131072,1,python3,2019-09-07,mbp2012
v06.py,0.16,131072,1,python3,2019-09-07,mbp2012
v06.py,0.16,131072,1,python3,2019-09-07,mbp2012
v06.py,0.16,131072,1,python3,2019-09-07,mbp2012
v06.py,0.16,131072,1,python3,2019-09-07,mbp2012
v06.py,0.29,262144,1,python3,2019-09-07,mbp2012
v06.py,0.29,262144,1,python3,2019-09-07,mbp2012
v06.py,0.29,262144,1,python3,2019-09-07,mbp2012
v06.py,0.3,262144,1,python3,2019-09-07,mbp2012
v06.py,0.29,262144,1,python3,2019-09-07,mbp2012
v06.py,0.56,524288,1,python3,2019-09-07,mbp2012
v06.py,0.57,524288,1,python3,2019-09-07,mbp2012
v06.py,0.56,524288,1,python3,2019-09-07,mbp2012
v06.py,0.57,524288,1,python3,2019-09-07,mbp2012
v06.py,0.56,524288,1,python3,2019-09-07,mbp2012
v06.py,1.11,1048576,1,python3,2019-09-07,mbp2012
v06.py,1.1,1048576,1,python3,2019-09-07,mbp2012
v06.py,1.1,1048576,1,python3,2019-09-07,mbp2012
v06.py,1.12,1048576,1,python3,2019-09-07,mbp2012
v06.py,1.11,1048576,1,python3,2019-09-07,mbp2012
v06.py,5.51,1048576,10,python3,2019-09-07,mbp2012
v06.py,6.46,1048576,10,python3,2019-09-07,mbp2012
v06.py,5.49,1048576,10,python3,2019-09-07,mbp2012
v06.py,4.24,1048576,10,python3,2019-09-07,mbp2012
v06.py,4.78,1048576,10,python3,2019-09-07,mbp2012
v06.py,52.82,1048576,100,python3,2019-09-07,mbp2012
v06.py,51.79,1048576,100,python3,2019-09-07,mbp2012
v06.py,56.26,1048576,100,python3,2019-09-07,mbp2012
v06.py,55.04,1048576,100,python3,2019-09-07,mbp2012
v06.py,58.74,1048576,100,python3,2019-09-07,mbp2012
v06.py,531.21,1048576,1000,python3,2019-09-07,mbp2012
v06.py,0.14,2,1,pypy3,2019-09-07,mbp2012
v06.py,0.14,2,1,pypy3,2019-09-07,mbp2012
v06.py,0.14,2,1,pypy3,2019-09-07,mbp2012
v06.py,0.14,2,1,pypy3,2019-09-07,mbp2012
v06.py,0.14,2,1,pypy3,2019-09-07,mbp2012
v06.py,0.14,4,1,pypy3,2019-09-07,mbp2012
v06.py,0.14,4,1,pypy3,2019-09-07,mbp2012
v06.py,0.14,4,1,pypy3,2019-09-07,mbp2012
v06.py,0.14,4,1,pypy3,2019-09-07,mbp2012
v06.py,0.14,4,1,pypy3,2019-09-07,mbp2012
v06.py,0.14,8,1,pypy3,2019-09-07,mbp2012
v06.py,0.14,8,1,pypy3,2019-09-07,mbp2012
v06.py,0.14,8,1,pypy3,2019-09-07,mbp2012
v06.py,0.14,8,1,pypy3,2019-09-07,mbp2012
v06.py,0.14,8,1,pypy3,2019-09-07,mbp2012
v06.py,0.14,16,1,pypy3,2019-09-07,mbp2012
v06.py,0.14,16,1,pypy3,2019-09-07,mbp2012
v06.py,0.14,16,1,pypy3,2019-09-07,mbp2012
v06.py,0.14,16,1,pypy3,2019-09-07,mbp2012
v06.py,0.14,16,1,pypy3,2019-09-07,mbp2012
v06.py,0.14,32,1,pypy3,2019-09-07,mbp2012
v06.py,0.14,32,1,pypy3,2019-09-07,mbp2012
v06.py,0.14,32,1,pypy3,2019-09-07,mbp2012
v06.py,0.14,32,1,pypy3,2019-09-07,mbp2012
v06.py,0.14,32,1,pypy3,2019-09-07,mbp2012
v06.py,0.14,64,1,pypy3,2019-09-07,mbp2012
v06.py,0.14,64,1,pypy3,2019-09-07,mbp2012
v06.py,0.14,64,1,pypy3,2019-09-07,mbp2012
v06.py,0.14,64,1,pypy3,2019-09-07,mbp2012
v06.py,0.14,64,1,pypy3,2019-09-07,mbp2012
v06.py,0.14,128,1,pypy3,2019-09-07,mbp2012
v06.py,0.14,128,1,pypy3,2019-09-07,mbp2012
v06.py,0.14,128,1,pypy3,2019-09-07,mbp2012
v06.py,0.14,128,1,pypy3,2019-09-07,mbp2012
v06.py,0.14,128,1,pypy3,2019-09-07,mbp2012
v06.py,0.14,256,1,pypy3,2019-09-07,mbp2012
v06.py,0.14,256,1,pypy3,2019-09-07,mbp2012
v06.py,0.14,256,1,pypy3,2019-09-07,mbp2012
v06.py,0.16,256,1,pypy3,2019-09-07,mbp2012
v06.py,0.14,256,1,pypy3,2019-09-07,mbp2012
v06.py,0.14,512,1,pypy3,2019-09-07,mbp2012
v06.py,0.14,512,1,pypy3,2019-09-07,mbp2012
v06.py,0.14,512,1,pypy3,2019-09-07,mbp2012
v06.py,0.14,512,1,pypy3,2019-09-07,mbp2012
v06.py,0.14,512,1,pypy3,2019-09-07,mbp2012
v06.py,0.15,1024,1,pypy3,2019-09-07,mbp2012
v06.py,0.15,1024,1,pypy3,2019-09-07,mbp2012
v06.py,0.15,1024,1,pypy3,2019-09-07,mbp2012
v06.py,0.14,1024,1,pypy3,2019-09-07,mbp2012
v06.py,0.14,1024,1,pypy3,2019-09-07,mbp2012
v06.py,0.15,2048,1,pypy3,2019-09-07,mbp2012
v06.py,0.15,2048,1,pypy3,2019-09-07,mbp2012
v06.py,0.15,2048,1,pypy3,2019-09-07,mbp2012
v06.py,0.15,2048,1,pypy3,2019-09-07,mbp2012
v06.py,0.15,2048,1,pypy3,2019-09-07,mbp2012
v06.py,0.15,4096,1,pypy3,2019-09-07,mbp2012
v06.py,0.15,4096,1,pypy3,2019-09-07,mbp2012
v06.py,0.15,4096,1,pypy3,2019-09-07,mbp2012
v06.py,0.15,4096,1,pypy3,2019-09-07,mbp2012
v06.py,0.15,4096,1,pypy3,2019-09-07,mbp2012
v06.py,0.15,8192,1,pypy3,2019-09-07,mbp2012
v06.py,0.15,8192,1,pypy3,2019-09-07,mbp2012
v06.py,0.16,8192,1,pypy3,2019-09-07,mbp2012
v06.py,0.16,8192,1,pypy3,2019-09-07,mbp2012
v06.py,0.15,8192,1,pypy3,2019-09-07,mbp2012
v06.py,0.16,16384,1,pypy3,2019-09-07,mbp2012
v06.py,0.16,16384,1,pypy3,2019-09-07,mbp2012
v06.py,0.16,16384,1,pypy3,2019-09-07,mbp2012
v06.py,0.16,16384,1,pypy3,2019-09-07,mbp2012
v06.py,0.16,16384,1,pypy3,2019-09-07,mbp2012
v06.py,0.16,32768,1,pypy3,2019-09-07,mbp2012
v06.py,0.16,32768,1,pypy3,2019-09-07,mbp2012
v06.py,0.16,32768,1,pypy3,2019-09-07,mbp2012
v06.py,0.16,32768,1,pypy3,2019-09-07,mbp2012
v06.py,0.16,32768,1,pypy3,2019-09-07,mbp2012
v06.py,0.16,65536,1,pypy3,2019-09-07,mbp2012
v06.py,0.16,65536,1,pypy3,2019-09-07,mbp2012
v06.py,0.16,65536,1,pypy3,2019-09-07,mbp2012
v06.py,0.16,65536,1,pypy3,2019-09-07,mbp2012
v06.py,0.17,65536,1,pypy3,2019-09-07,mbp2012
v06.py,0.17,131072,1,pypy3,2019-09-07,mbp2012
v06.py,0.17,131072,1,pypy3,2019-09-07,mbp2012
v06.py,0.17,131072,1,pypy3,2019-09-07,mbp2012
v06.py,0.17,131072,1,pypy3,2019-09-07,mbp2012
v06.py,0.17,131072,1,pypy3,2019-09-07,mbp2012
v06.py,0.19,262144,1,pypy3,2019-09-07,mbp2012
v06.py,0.19,262144,1,pypy3,2019-09-07,mbp2012
v06.py,0.19,262144,1,pypy3,2019-09-07,mbp2012
v06.py,0.19,262144,1,pypy3,2019-09-07,mbp2012
v06.py,0.19,262144,1,pypy3,2019-09-07,mbp2012
v06.py,0.21,524288,1,pypy3,2019-09-07,mbp2012
v06.py,0.21,524288,1,pypy3,2019-09-07,mbp2012
v06.py,0.21,524288,1,pypy3,2019-09-07,mbp2012
v06.py,0.21,524288,1,pypy3,2019-09-07,mbp2012
v06.py,0.21,524288,1,pypy3,2019-09-07,mbp2012
v06.py,0.28,1048576,1,pypy3,2019-09-07,mbp2012
v06.py,0.27,1048576,1,pypy3,2019-09-07,mbp2012
v06.py,0.27,1048576,1,pypy3,2019-09-07,mbp2012
v06.py,0.27,1048576,1,pypy3,2019-09-07,mbp2012
v06.py,0.27,1048576,1,pypy3,2019-09-07,mbp2012
v06.py,0.74,1048576,10,pypy3,2019-09-07,mbp2012
v06.py,0.84,1048576,10,pypy3,2019-09-07,mbp2012
v06.py,0.74,1048576,10,pypy3,2019-09-07,mbp2012
v06.py,0.61,1048576,10,pypy3,2019-09-07,mbp2012
v06.py,0.67,1048576,10,pypy3,2019-09-07,mbp2012
v06.py,5.56,1048576,100,pypy3,2019-09-07,mbp2012
v06.py,5.4,1048576,100,pypy3,2019-09-07,mbp2012
v06.py,6.0,1048576,100,pypy3,2019-09-07,mbp2012
v06.py,5.83,1048576,100,pypy3,2019-09-07,mbp2012
v06.py,6.16,1048576,100,pypy3,2019-09-07,mbp2012
v06.py,55.05,1048576,1000,pypy3,2019-09-07,mbp2012
v06.py,56.04,1048576,1000,pypy3,2019-09-07,mbp2012
v06.py,55.2,1048576,1000,pypy3,2019-09-07,mbp2012
v06.py,56.84,1048576,1000,pypy3,2019-09-07,mbp2012
v06.py,56.14,1048576,1000,pypy3,2019-09-07,mbp2012
v06.py,550.21,1048576,10000,pypy3,2019-09-07,mbp2012
v07.py,0.02,2,1,python3,2019-09-08,mbp2012
v07.py,0.03,2,1,python3,2019-09-08,mbp2012
v07.py,0.03,2,1,python3,2019-09-08,mbp2012
v07.py,0.03,2,1,python3,2019-09-08,mbp2012
v07.py,0.03,2,1,python3,2019-09-08,mbp2012
v07.py,0.03,4,1,python3,2019-09-08,mbp2012
v07.py,0.03,4,1,python3,2019-09-08,mbp2012
v07.py,0.03,4,1,python3,2019-09-08,mbp2012
v07.py,0.03,4,1,python3,2019-09-08,mbp2012
v07.py,0.03,4,1,python3,2019-09-08,mbp2012
v07.py,0.03,8,1,python3,2019-09-08,mbp2012
v07.py,0.03,8,1,python3,2019-09-08,mbp2012
v07.py,0.03,8,1,python3,2019-09-08,mbp2012
v07.py,0.03,8,1,python3,2019-09-08,mbp2012
v07.py,0.03,8,1,python3,2019-09-08,mbp2012
v07.py,0.03,16,1,python3,2019-09-08,mbp2012
v07.py,0.03,16,1,python3,2019-09-08,mbp2012
v07.py,0.03,16,1,python3,2019-09-08,mbp2012
v07.py,0.03,16,1,python3,2019-09-08,mbp2012
v07.py,0.03,16,1,python3,2019-09-08,mbp2012
v07.py,0.03,32,1,python3,2019-09-08,mbp2012
v07.py,0.03,32,1,python3,2019-09-08,mbp2012
v07.py,0.03,32,1,python3,2019-09-08,mbp2012
v07.py,0.03,32,1,python3,2019-09-08,mbp2012
v07.py,0.03,32,1,python3,2019-09-08,mbp2012
v07.py,0.03,64,1,python3,2019-09-08,mbp2012
v07.py,0.03,64,1,python3,2019-09-08,mbp2012
v07.py,0.03,64,1,python3,2019-09-08,mbp2012
v07.py,0.02,64,1,python3,2019-09-08,mbp2012
v07.py,0.03,64,1,python3,2019-09-08,mbp2012
v07.py,0.03,128,1,python3,2019-09-08,mbp2012
v07.py,0.03,128,1,python3,2019-09-08,mbp2012
v07.py,0.03,128,1,python3,2019-09-08,mbp2012
v07.py,0.03,128,1,python3,2019-09-08,mbp2012
v07.py,0.03,128,1,python3,2019-09-08,mbp2012
v07.py,0.02,256,1,python3,2019-09-08,mbp2012
v07.py,0.03,256,1,python3,2019-09-08,mbp2012
v07.py,0.03,256,1,python3,2019-09-08,mbp2012
v07.py,0.03,256,1,python3,2019-09-08,mbp2012
v07.py,0.03,256,1,python3,2019-09-08,mbp2012
v07.py,0.03,512,1,python3,2019-09-08,mbp2012
v07.py,0.03,512,1,python3,2019-09-08,mbp2012
v07.py,0.03,512,1,python3,2019-09-08,mbp2012
v07.py,0.03,512,1,python3,2019-09-08,mbp2012
v07.py,0.03,512,1,python3,2019-09-08,mbp2012
v07.py,0.03,1024,1,python3,2019-09-08,mbp2012
v07.py,0.03,1024,1,python3,2019-09-08,mbp2012
v07.py,0.03,1024,1,python3,2019-09-08,mbp2012
v07.py,0.03,1024,1,python3,2019-09-08,mbp2012
v07.py,0.03,1024,1,python3,2019-09-08,mbp2012
v07.py,0.03,2048,1,python3,2019-09-08,mbp2012
v07.py,0.03,2048,1,python3,2019-09-08,mbp2012
v07.py,0.03,2048,1,python3,2019-09-08,mbp2012
v07.py,0.03,2048,1,python3,2019-09-08,mbp2012
v07.py,0.03,2048,1,python3,2019-09-08,mbp2012
v07.py,0.03,4096,1,python3,2019-09-08,mbp2012
v07.py,0.03,4096,1,python3,2019-09-08,mbp2012
v07.py,0.03,4096,1,python3,2019-09-08,mbp2012
v07.py,0.03,4096,1,python3,2019-09-08,mbp2012
v07.py,0.04,4096,1,python3,2019-09-08,mbp2012
v07.py,0.05,8192,1,python3,2019-09-08,mbp2012
v07.py,0.05,8192,1,python3,2019-09-08,mbp2012
v07.py,0.05,8192,1,python3,2019-09-08,mbp2012
v07.py,0.05,8192,1,python3,2019-09-08,mbp2012
v07.py,0.05,8192,1,python3,2019-09-08,mbp2012
v07.py,0.06,16384,1,python3,2019-09-08,mbp2012
v07.py,0.05,16384,1,python3,2019-09-08,mbp2012
v07.py,0.05,16384,1,python3,2019-09-08,mbp2012
v07.py,0.04,16384,1,python3,2019-09-08,mbp2012
v07.py,0.03,16384,1,python3,2019-09-08,mbp2012
v07.py,0.03,32768,1,python3,2019-09-08,mbp2012
v07.py,0.04,32768,1,python3,2019-09-08,mbp2012
v07.py,0.03,32768,1,python3,2019-09-08,mbp2012
v07.py,0.03,32768,1,python3,2019-09-08,mbp2012
v07.py,0.04,32768,1,python3,2019-09-08,mbp2012
v07.py,0.04,65536,1,python3,2019-09-08,mbp2012
v07.py,0.04,65536,1,python3,2019-09-08,mbp2012
v07.py,0.04,65536,1,python3,2019-09-08,mbp2012
v07.py,0.03,65536,1,python3,2019-09-08,mbp2012
v07.py,0.03,65536,1,python3,2019-09-08,mbp2012
v07.py,0.04,131072,1,python3,2019-09-08,mbp2012
v07.py,0.04,131072,1,python3,2019-09-08,mbp2012
v07.py,0.04,131072,1,python3,2019-09-08,mbp2012
v07.py,0.04,131072,1,python3,2019-09-08,mbp2012
v07.py,0.04,131072,1,python3,2019-09-08,mbp2012
v07.py,0.05,262144,1,python3,2019-09-08,mbp2012
v07.py,0.05,262144,1,python3,2019-09-08,mbp2012
v07.py,0.05,262144,1,python3,2019-09-08,mbp2012
v07.py,0.05,262144,1,python3,2019-09-08,mbp2012
v07.py,0.05,262144,1,python3,2019-09-08,mbp2012
v07.py,0.07,524288,1,python3,2019-09-08,mbp2012
v07.py,0.07,524288,1,python3,2019-09-08,mbp2012
v07.py,0.08,524288,1,python3,2019-09-08,mbp2012
v07.py,0.08,524288,1,python3,2019-09-08,mbp2012
v07.py,0.08,524288,1,python3,2019-09-08,mbp2012
v07.py,0.12,1048576,1,python3,2019-09-08,mbp2012
v07.py,0.12,1048576,1,python3,2019-09-08,mbp2012
v07.py,0.12,1048576,1,python3,2019-09-08,mbp2012
v07.py,0.12,1048576,1,python3,2019-09-08,mbp2012
v07.py,0.12,1048576,1,python3,2019-09-08,mbp2012
v07.py,0.49,1048576,10,python3,2019-09-08,mbp2012
v07.py,0.57,1048576,10,python3,2019-09-08,mbp2012
v07.py,0.48,1048576,10,python3,2019-09-08,mbp2012
v07.py,0.38,1048576,10,python3,2019-09-08,mbp2012
v07.py,0.43,1048576,10,python3,2019-09-08,mbp2012
v07.py,4.37,1048576,100,python3,2019-09-08,mbp2012
v07.py,4.28,1048576,100,python3,2019-09-08,mbp2012
v07.py,4.79,1048576,100,python3,2019-09-08,mbp2012
v07.py,4.63,1048576,100,python3,2019-09-08,mbp2012
v07.py,4.85,1048576,100,python3,2019-09-08,mbp2012
v07.py,44.21,1048576,1000,python3,2019-09-08,mbp2012
v07.py,44.3,1048576,1000,python3,2019-09-08,mbp2012
v07.py,44.03,1048576,1000,python3,2019-09-08,mbp2012
v07.py,45.71,1048576,1000,python3,2019-09-08,mbp2012
v07.py,43.93,1048576,1000,python3,2019-09-08,mbp2012
v07.py,444.86,1048576,10000,python3,2019-09-08,mbp2012
v07.py,0.44,2,1,pypy3,2019-09-08,mbp2012
v07.py,0.14,2,1,pypy3,2019-09-08,mbp2012
v07.py,0.14,2,1,pypy3,2019-09-08,mbp2012
v07.py,0.15,2,1,pypy3,2019-09-08,mbp2012
v07.py,0.15,2,1,pypy3,2019-09-08,mbp2012
v07.py,0.14,4,1,pypy3,2019-09-08,mbp2012
v07.py,0.14,4,1,pypy3,2019-09-08,mbp2012
v07.py,0.14,4,1,pypy3,2019-09-08,mbp2012
v07.py,0.14,4,1,pypy3,2019-09-08,mbp2012
v07.py,0.14,4,1,pypy3,2019-09-08,mbp2012
v07.py,0.14,8,1,pypy3,2019-09-08,mbp2012
v07.py,0.14,8,1,pypy3,2019-09-08,mbp2012
v07.py,0.14,8,1,pypy3,2019-09-08,mbp2012
v07.py,0.14,8,1,pypy3,2019-09-08,mbp2012
v07.py,0.14,8,1,pypy3,2019-09-08,mbp2012
v07.py,0.14,16,1,pypy3,2019-09-08,mbp2012
v07.py,0.14,16,1,pypy3,2019-09-08,mbp2012
v07.py,0.15,16,1,pypy3,2019-09-08,mbp2012
v07.py,0.14,16,1,pypy3,2019-09-08,mbp2012
v07.py,0.14,16,1,pypy3,2019-09-08,mbp2012
v07.py,0.14,32,1,pypy3,2019-09-08,mbp2012
v07.py,0.14,32,1,pypy3,2019-09-08,mbp2012
v07.py,0.14,32,1,pypy3,2019-09-08,mbp2012
v07.py,0.14,32,1,pypy3,2019-09-08,mbp2012
v07.py,0.15,32,1,pypy3,2019-09-08,mbp2012
v07.py,0.14,64,1,pypy3,2019-09-08,mbp2012
v07.py,0.14,64,1,pypy3,2019-09-08,mbp2012
v07.py,0.14,64,1,pypy3,2019-09-08,mbp2012
v07.py,0.14,64,1,pypy3,2019-09-08,mbp2012
v07.py,0.14,64,1,pypy3,2019-09-08,mbp2012
v07.py,0.14,128,1,pypy3,2019-09-08,mbp2012
v07.py,0.14,128,1,pypy3,2019-09-08,mbp2012
v07.py,0.14,128,1,pypy3,2019-09-08,mbp2012
v07.py,0.14,128,1,pypy3,2019-09-08,mbp2012
v07.py,0.14,128,1,pypy3,2019-09-08,mbp2012
v07.py,0.14,256,1,pypy3,2019-09-08,mbp2012
v07.py,0.14,256,1,pypy3,2019-09-08,mbp2012
v07.py,0.15,256,1,pypy3,2019-09-08,mbp2012
v07.py,0.14,256,1,pypy3,2019-09-08,mbp2012
v07.py,0.14,256,1,pypy3,2019-09-08,mbp2012
v07.py,0.15,512,1,pypy3,2019-09-08,mbp2012
v07.py,0.14,512,1,pypy3,2019-09-08,mbp2012
v07.py,0.14,512,1,pypy3,2019-09-08,mbp2012
v07.py,0.14,512,1,pypy3,2019-09-08,mbp2012
v07.py,0.15,512,1,pypy3,2019-09-08,mbp2012
v07.py,0.14,1024,1,pypy3,2019-09-08,mbp2012
v07.py,0.14,1024,1,pypy3,2019-09-08,mbp2012
v07.py,0.14,1024,1,pypy3,2019-09-08,mbp2012
v07.py,0.14,1024,1,pypy3,2019-09-08,mbp2012
v07.py,0.14,1024,1,pypy3,2019-09-08,mbp2012
v07.py,0.15,2048,1,pypy3,2019-09-08,mbp2012
v07.py,0.15,2048,1,pypy3,2019-09-08,mbp2012
v07.py,0.14,2048,1,pypy3,2019-09-08,mbp2012
v07.py,0.14,2048,1,pypy3,2019-09-08,mbp2012
v07.py,0.14,2048,1,pypy3,2019-09-08,mbp2012
v07.py,0.14,4096,1,pypy3,2019-09-08,mbp2012
v07.py,0.14,4096,1,pypy3,2019-09-08,mbp2012
v07.py,0.15,4096,1,pypy3,2019-09-08,mbp2012
v07.py,0.15,4096,1,pypy3,2019-09-08,mbp2012
v07.py,0.14,4096,1,pypy3,2019-09-08,mbp2012
v07.py,0.15,8192,1,pypy3,2019-09-08,mbp2012
v07.py,0.15,8192,1,pypy3,2019-09-08,mbp2012
v07.py,0.15,8192,1,pypy3,2019-09-08,mbp2012
v07.py,0.16,8192,1,pypy3,2019-09-08,mbp2012
v07.py,0.15,8192,1,pypy3,2019-09-08,mbp2012
v07.py,0.15,16384,1,pypy3,2019-09-08,mbp2012
v07.py,0.16,16384,1,pypy3,2019-09-08,mbp2012
v07.py,0.15,16384,1,pypy3,2019-09-08,mbp2012
v07.py,0.15,16384,1,pypy3,2019-09-08,mbp2012
v07.py,0.16,16384,1,pypy3,2019-09-08,mbp2012
v07.py,0.15,32768,1,pypy3,2019-09-08,mbp2012
v07.py,0.15,32768,1,pypy3,2019-09-08,mbp2012
v07.py,0.15,32768,1,pypy3,2019-09-08,mbp2012
v07.py,0.15,32768,1,pypy3,2019-09-08,mbp2012
v07.py,0.15,32768,1,pypy3,2019-09-08,mbp2012
v07.py,0.16,65536,1,pypy3,2019-09-08,mbp2012
v07.py,0.16,65536,1,pypy3,2019-09-08,mbp2012
v07.py,0.16,65536,1,pypy3,2019-09-08,mbp2012
v07.py,0.16,65536,1,pypy3,2019-09-08,mbp2012
v07.py,0.15,65536,1,pypy3,2019-09-08,mbp2012
v07.py,0.16,131072,1,pypy3,2019-09-08,mbp2012
v07.py,0.16,131072,1,pypy3,2019-09-08,mbp2012
v07.py,0.16,131072,1,pypy3,2019-09-08,mbp2012
v07.py,0.16,131072,1,pypy3,2019-09-08,mbp2012
v07.py,0.17,131072,1,pypy3,2019-09-08,mbp2012
v07.py,0.17,262144,1,pypy3,2019-09-08,mbp2012
v07.py,0.17,262144,1,pypy3,2019-09-08,mbp2012
v07.py,0.17,262144,1,pypy3,2019-09-08,mbp2012
v07.py,0.17,262144,1,pypy3,2019-09-08,mbp2012
v07.py,0.16,262144,1,pypy3,2019-09-08,mbp2012
v07.py,0.17,524288,1,pypy3,2019-09-08,mbp2012
v07.py,0.17,524288,1,pypy3,2019-09-08,mbp2012
v07.py,0.17,524288,1,pypy3,2019-09-08,mbp2012
v07.py,0.18,524288,1,pypy3,2019-09-08,mbp2012
v07.py,0.17,524288,1,pypy3,2019-09-08,mbp2012
v07.py,0.19,1048576,1,pypy3,2019-09-08,mbp2012
v07.py,0.19,1048576,1,pypy3,2019-09-08,mbp2012
v07.py,0.19,1048576,1,pypy3,2019-09-08,mbp2012
v07.py,0.19,1048576,1,pypy3,2019-09-08,mbp2012
v07.py,0.19,1048576,1,pypy3,2019-09-08,mbp2012
v07.py,0.31,1048576,10,pypy3,2019-09-08,mbp2012
v07.py,0.35,1048576,10,pypy3,2019-09-08,mbp2012
v07.py,0.3,1048576,10,pypy3,2019-09-08,mbp2012
v07.py,0.27,1048576,10,pypy3,2019-09-08,mbp2012
v07.py,0.34,1048576,10,pypy3,2019-09-08,mbp2012
v07.py,1.5,1048576,100,pypy3,2019-09-08,mbp2012
v07.py,1.45,1048576,100,pypy3,2019-09-08,mbp2012
v07.py,1.64,1048576,100,pypy3,2019-09-08,mbp2012
v07.py,1.54,1048576,100,pypy3,2019-09-08,mbp2012
v07.py,1.67,1048576,100,pypy3,2019-09-08,mbp2012
v07.py,13.56,1048576,1000,pypy3,2019-09-08,mbp2012
v07.py,13.91,1048576,1000,pypy3,2019-09-08,mbp2012
v07.py,13.49,1048576,1000,pypy3,2019-09-08,mbp2012
v07.py,13.91,1048576,1000,pypy3,2019-09-08,mbp2012
v07.py,13.46,1048576,1000,pypy3,2019-09-08,mbp2012
v07.py,137.89,1048576,10000,pypy3,2019-09-08,mbp2012
v07.py,133.28,1048576,10000,pypy3,2019-09-08,mbp2012
v07.py,134.07,1048576,10000,pypy3,2019-09-08,mbp2012
v08.py,0.02,2,1,python3,2019-09-08,mbp2012
v08.py,0.02,2,1,python3,2019-09-08,mbp2012
v08.py,0.02,2,1,python3,2019-09-08,mbp2012
v08.py,0.02,2,1,python3,2019-09-08,mbp2012
v08.py,0.02,2,1,python3,2019-09-08,mbp2012
v08.py,0.02,4,1,python3,2019-09-08,mbp2012
v08.py,0.02,4,1,python3,2019-09-08,mbp2012
v08.py,0.02,4,1,python3,2019-09-08,mbp2012
v08.py,0.02,4,1,python3,2019-09-08,mbp2012
v08.py,0.02,4,1,python3,2019-09-08,mbp2012
v08.py,0.02,8,1,python3,2019-09-08,mbp2012
v08.py,0.02,8,1,python3,2019-09-08,mbp2012
v08.py,0.02,8,1,python3,2019-09-08,mbp2012
v08.py,0.02,8,1,python3,2019-09-08,mbp2012
v08.py,0.02,8,1,python3,2019-09-08,mbp2012
v08.py,0.02,16,1,python3,2019-09-08,mbp2012
v08.py,0.02,16,1,python3,2019-09-08,mbp2012
v08.py,0.02,16,1,python3,2019-09-08,mbp2012
v08.py,0.02,16,1,python3,2019-09-08,mbp2012
v08.py,0.02,16,1,python3,2019-09-08,mbp2012
v08.py,0.02,32,1,python3,2019-09-08,mbp2012
v08.py,0.02,32,1,python3,2019-09-08,mbp2012
v08.py,0.02,32,1,python3,2019-09-08,mbp2012
v08.py,0.02,32,1,python3,2019-09-08,mbp2012
v08.py,0.02,32,1,python3,2019-09-08,mbp2012
v08.py,0.02,64,1,python3,2019-09-08,mbp2012
v08.py,0.02,64,1,python3,2019-09-08,mbp2012
v08.py,0.02,64,1,python3,2019-09-08,mbp2012
v08.py,0.02,64,1,python3,2019-09-08,mbp2012
v08.py,0.02,64,1,python3,2019-09-08,mbp2012
v08.py,0.02,128,1,python3,2019-09-08,mbp2012
v08.py,0.02,128,1,python3,2019-09-08,mbp2012
v08.py,0.02,128,1,python3,2019-09-08,mbp2012
v08.py,0.02,128,1,python3,2019-09-08,mbp2012
v08.py,0.02,128,1,python3,2019-09-08,mbp2012
v08.py,0.02,256,1,python3,2019-09-08,mbp2012
v08.py,0.02,256,1,python3,2019-09-08,mbp2012
v08.py,0.02,256,1,python3,2019-09-08,mbp2012
v08.py,0.02,256,1,python3,2019-09-08,mbp2012
v08.py,0.02,256,1,python3,2019-09-08,mbp2012
v08.py,0.02,512,1,python3,2019-09-08,mbp2012
v08.py,0.02,512,1,python3,2019-09-08,mbp2012
v08.py,0.02,512,1,python3,2019-09-08,mbp2012
v08.py,0.02,512,1,python3,2019-09-08,mbp2012
v08.py,0.02,512,1,python3,2019-09-08,mbp2012
v08.py,0.02,1024,1,python3,2019-09-08,mbp2012
v08.py,0.02,1024,1,python3,2019-09-08,mbp2012
v08.py,0.02,1024,1,python3,2019-09-08,mbp2012
v08.py,0.02,1024,1,python3,2019-09-08,mbp2012
v08.py,0.02,1024,1,python3,2019-09-08,mbp2012
v08.py,0.02,2048,1,python3,2019-09-08,mbp2012
v08.py,0.02,2048,1,python3,2019-09-08,mbp2012
v08.py,0.02,2048,1,python3,2019-09-08,mbp2012
v08.py,0.02,2048,1,python3,2019-09-08,mbp2012
v08.py,0.02,2048,1,python3,2019-09-08,mbp2012
v08.py,0.02,4096,1,python3,2019-09-08,mbp2012
v08.py,0.02,4096,1,python3,2019-09-08,mbp2012
v08.py,0.02,4096,1,python3,2019-09-08,mbp2012
v08.py,0.02,4096,1,python3,2019-09-08,mbp2012
v08.py,0.02,4096,1,python3,2019-09-08,mbp2012
v08.py,0.02,8192,1,python3,2019-09-08,mbp2012
v08.py,0.02,8192,1,python3,2019-09-08,mbp2012
v08.py,0.02,8192,1,python3,2019-09-08,mbp2012
v08.py,0.02,8192,1,python3,2019-09-08,mbp2012
v08.py,0.02,8192,1,python3,2019-09-08,mbp2012
v08.py,0.02,16384,1,python3,2019-09-08,mbp2012
v08.py,0.02,16384,1,python3,2019-09-08,mbp2012
v08.py,0.02,16384,1,python3,2019-09-08,mbp2012
v08.py,0.02,16384,1,python3,2019-09-08,mbp2012
v08.py,0.02,16384,1,python3,2019-09-08,mbp2012
v08.py,0.02,32768,1,python3,2019-09-08,mbp2012
v08.py,0.02,32768,1,python3,2019-09-08,mbp2012
v08.py,0.02,32768,1,python3,2019-09-08,mbp2012
v08.py,0.02,32768,1,python3,2019-09-08,mbp2012
v08.py,0.02,32768,1,python3,2019-09-08,mbp2012
v08.py,0.03,65536,1,python3,2019-09-08,mbp2012
v08.py,0.03,65536,1,python3,2019-09-08,mbp2012
v08.py,0.03,65536,1,python3,2019-09-08,mbp2012
v08.py,0.03,65536,1,python3,2019-09-08,mbp2012
v08.py,0.03,65536,1,python3,2019-09-08,mbp2012
v08.py,0.03,131072,1,python3,2019-09-08,mbp2012
v08.py,0.03,131072,1,python3,2019-09-08,mbp2012
v08.py,0.03,131072,1,python3,2019-09-08,mbp2012
v08.py,0.03,131072,1,python3,2019-09-08,mbp2012
v08.py,0.03,131072,1,python3,2019-09-08,mbp2012
v08.py,0.04,262144,1,python3,2019-09-08,mbp2012
v08.py,0.04,262144,1,python3,2019-09-08,mbp2012
v08.py,0.04,262144,1,python3,2019-09-08,mbp2012
v08.py,0.04,262144,1,python3,2019-09-08,mbp2012
v08.py,0.04,262144,1,python3,2019-09-08,mbp2012
v08.py,0.06,524288,1,python3,2019-09-08,mbp2012
v08.py,0.06,524288,1,python3,2019-09-08,mbp2012
v08.py,0.06,524288,1,python3,2019-09-08,mbp2012
v08.py,0.06,524288,1,python3,2019-09-08,mbp2012
v08.py,0.06,524288,1,python3,2019-09-08,mbp2012
v08.py,0.09,1048576,1,python3,2019-09-08,mbp2012
v08.py,0.09,1048576,1,python3,2019-09-08,mbp2012
v08.py,0.09,1048576,1,python3,2019-09-08,mbp2012
v08.py,0.09,1048576,1,python3,2019-09-08,mbp2012
v08.py,0.09,1048576,1,python3,2019-09-08,mbp2012
v08.py,0.37,1048576,10,python3,2019-09-08,mbp2012
v08.py,0.44,1048576,10,python3,2019-09-08,mbp2012
v08.py,0.37,1048576,10,python3,2019-09-08,mbp2012
v08.py,0.29,1048576,10,python3,2019-09-08,mbp2012
v08.py,0.33,1048576,10,python3,2019-09-08,mbp2012
v08.py,3.36,1048576,100,python3,2019-09-08,mbp2012
v08.py,3.26,1048576,100,python3,2019-09-08,mbp2012
v08.py,3.65,1048576,100,python3,2019-09-08,mbp2012
v08.py,3.49,1048576,100,python3,2019-09-08,mbp2012
v08.py,3.71,1048576,100,python3,2019-09-08,mbp2012
v08.py,34.04,1048576,1000,python3,2019-09-08,mbp2012
v08.py,33.92,1048576,1000,python3,2019-09-08,mbp2012
v08.py,33.99,1048576,1000,python3,2019-09-08,mbp2012
v08.py,35.0,1048576,1000,python3,2019-09-08,mbp2012
v08.py,33.89,1048576,1000,python3,2019-09-08,mbp2012
v08.py,343.85,1048576,10000,python3,2019-09-08,mbp2012
v08.py,0.13,2,1,pypy3,2019-09-08,mbp2012
v08.py,0.13,2,1,pypy3,2019-09-08,mbp2012
v08.py,0.13,2,1,pypy3,2019-09-08,mbp2012
v08.py,0.14,2,1,pypy3,2019-09-08,mbp2012
v08.py,0.13,2,1,pypy3,2019-09-08,mbp2012
v08.py,0.13,4,1,pypy3,2019-09-08,mbp2012
v08.py,0.13,4,1,pypy3,2019-09-08,mbp2012
v08.py,0.13,4,1,pypy3,2019-09-08,mbp2012
v08.py,0.13,4,1,pypy3,2019-09-08,mbp2012
v08.py,0.13,4,1,pypy3,2019-09-08,mbp2012
v08.py,0.13,8,1,pypy3,2019-09-08,mbp2012
v08.py,0.13,8,1,pypy3,2019-09-08,mbp2012
v08.py,0.13,8,1,pypy3,2019-09-08,mbp2012
v08.py,0.13,8,1,pypy3,2019-09-08,mbp2012
v08.py,0.13,8,1,pypy3,2019-09-08,mbp2012
v08.py,0.13,16,1,pypy3,2019-09-08,mbp2012
v08.py,0.13,16,1,pypy3,2019-09-08,mbp2012
v08.py,0.13,16,1,pypy3,2019-09-08,mbp2012
v08.py,0.13,16,1,pypy3,2019-09-08,mbp2012
v08.py,0.13,16,1,pypy3,2019-09-08,mbp2012
v08.py,0.13,32,1,pypy3,2019-09-08,mbp2012
v08.py,0.13,32,1,pypy3,2019-09-08,mbp2012
v08.py,0.13,32,1,pypy3,2019-09-08,mbp2012
v08.py,0.13,32,1,pypy3,2019-09-08,mbp2012
v08.py,0.13,32,1,pypy3,2019-09-08,mbp2012
v08.py,0.13,64,1,pypy3,2019-09-08,mbp2012
v08.py,0.13,64,1,pypy3,2019-09-08,mbp2012
v08.py,0.13,64,1,pypy3,2019-09-08,mbp2012
v08.py,0.13,64,1,pypy3,2019-09-08,mbp2012
v08.py,0.13,64,1,pypy3,2019-09-08,mbp2012
v08.py,0.13,128,1,pypy3,2019-09-08,mbp2012
v08.py,0.13,128,1,pypy3,2019-09-08,mbp2012
v08.py,0.13,128,1,pypy3,2019-09-08,mbp2012
v08.py,0.13,128,1,pypy3,2019-09-08,mbp2012
v08.py,0.13,128,1,pypy3,2019-09-08,mbp2012
v08.py,0.13,256,1,pypy3,2019-09-08,mbp2012
v08.py,0.13,256,1,pypy3,2019-09-08,mbp2012
v08.py,0.13,256,1,pypy3,2019-09-08,mbp2012
v08.py,0.13,256,1,pypy3,2019-09-08,mbp2012
v08.py,0.13,256,1,pypy3,2019-09-08,mbp2012
v08.py,0.13,512,1,pypy3,2019-09-08,mbp2012
v08.py,0.13,512,1,pypy3,2019-09-08,mbp2012
v08.py,0.13,512,1,pypy3,2019-09-08,mbp2012
v08.py,0.13,512,1,pypy3,2019-09-08,mbp2012
v08.py,0.13,512,1,pypy3,2019-09-08,mbp2012
v08.py,0.13,1024,1,pypy3,2019-09-08,mbp2012
v08.py,0.13,1024,1,pypy3,2019-09-08,mbp2012
v08.py,0.13,1024,1,pypy3,2019-09-08,mbp2012
v08.py,0.13,1024,1,pypy3,2019-09-08,mbp2012
v08.py,0.13,1024,1,pypy3,2019-09-08,mbp2012
v08.py,0.14,2048,1,pypy3,2019-09-08,mbp2012
v08.py,0.13,2048,1,pypy3,2019-09-08,mbp2012
v08.py,0.13,2048,1,pypy3,2019-09-08,mbp2012
v08.py,0.13,2048,1,pypy3,2019-09-08,mbp2012
v08.py,0.13,2048,1,pypy3,2019-09-08,mbp2012
v08.py,0.14,4096,1,pypy3,2019-09-08,mbp2012
v08.py,0.14,4096,1,pypy3,2019-09-08,mbp2012
v08.py,0.14,4096,1,pypy3,2019-09-08,mbp2012
v08.py,0.14,4096,1,pypy3,2019-09-08,mbp2012
v08.py,0.14,4096,1,pypy3,2019-09-08,mbp2012
v08.py,0.14,8192,1,pypy3,2019-09-08,mbp2012
v08.py,0.14,8192,1,pypy3,2019-09-08,mbp2012
v08.py,0.14,8192,1,pypy3,2019-09-08,mbp2012
v08.py,0.14,8192,1,pypy3,2019-09-08,mbp2012
v08.py,0.14,8192,1,pypy3,2019-09-08,mbp2012
v08.py,0.14,16384,1,pypy3,2019-09-08,mbp2012
v08.py,0.15,16384,1,pypy3,2019-09-08,mbp2012
v08.py,0.15,16384,1,pypy3,2019-09-08,mbp2012
v08.py,0.15,16384,1,pypy3,2019-09-08,mbp2012
v08.py,0.14,16384,1,pypy3,2019-09-08,mbp2012
v08.py,0.14,32768,1,pypy3,2019-09-08,mbp2012
v08.py,0.14,32768,1,pypy3,2019-09-08,mbp2012
v08.py,0.14,32768,1,pypy3,2019-09-08,mbp2012
v08.py,0.15,32768,1,pypy3,2019-09-08,mbp2012
v08.py,0.15,32768,1,pypy3,2019-09-08,mbp2012
v08.py,0.15,65536,1,pypy3,2019-09-08,mbp2012
v08.py,0.15,65536,1,pypy3,2019-09-08,mbp2012
v08.py,0.15,65536,1,pypy3,2019-09-08,mbp2012
v08.py,0.15,65536,1,pypy3,2019-09-08,mbp2012
v08.py,0.15,65536,1,pypy3,2019-09-08,mbp2012
v08.py,0.15,131072,1,pypy3,2019-09-08,mbp2012
v08.py,0.15,131072,1,pypy3,2019-09-08,mbp2012
v08.py,0.15,131072,1,pypy3,2019-09-08,mbp2012
v08.py,0.16,131072,1,pypy3,2019-09-08,mbp2012
v08.py,0.15,131072,1,pypy3,2019-09-08,mbp2012
v08.py,0.16,262144,1,pypy3,2019-09-08,mbp2012
v08.py,0.16,262144,1,pypy3,2019-09-08,mbp2012
v08.py,0.16,262144,1,pypy3,2019-09-08,mbp2012
v08.py,0.16,262144,1,pypy3,2019-09-08,mbp2012
v08.py,0.16,262144,1,pypy3,2019-09-08,mbp2012
v08.py,0.16,524288,1,pypy3,2019-09-08,mbp2012
v08.py,0.16,524288,1,pypy3,2019-09-08,mbp2012
v08.py,0.16,524288,1,pypy3,2019-09-08,mbp2012
v08.py,0.16,524288,1,pypy3,2019-09-08,mbp2012
v08.py,0.16,524288,1,pypy3,2019-09-08,mbp2012
v08.py,0.18,1048576,1,pypy3,2019-09-08,mbp2012
v08.py,0.18,1048576,1,pypy3,2019-09-08,mbp2012
v08.py,0.18,1048576,1,pypy3,2019-09-08,mbp2012
v08.py,0.18,1048576,1,pypy3,2019-09-08,mbp2012
v08.py,0.18,1048576,1,pypy3,2019-09-08,mbp2012
v08.py,0.31,1048576,10,pypy3,2019-09-08,mbp2012
v08.py,0.33,1048576,10,pypy3,2019-09-08,mbp2012
v08.py,0.3,1048576,10,pypy3,2019-09-08,mbp2012
v08.py,0.27,1048576,10,pypy3,2019-09-08,mbp2012
v08.py,0.29,1048576,10,pypy3,2019-09-08,mbp2012
v08.py,1.46,1048576,100,pypy3,2019-09-08,mbp2012
v08.py,1.43,1048576,100,pypy3,2019-09-08,mbp2012
v08.py,1.62,1048576,100,pypy3,2019-09-08,mbp2012
v08.py,1.52,1048576,100,pypy3,2019-09-08,mbp2012
v08.py,1.65,1048576,100,pypy3,2019-09-08,mbp2012
v08.py,13.45,1048576,1000,pypy3,2019-09-08,mbp2012
v08.py,13.76,1048576,1000,pypy3,2019-09-08,mbp2012
v08.py,13.4,1048576,1000,pypy3,2019-09-08,mbp2012
v08.py,13.8,1048576,1000,pypy3,2019-09-08,mbp2012
v08.py,13.37,1048576,1000,pypy3,2019-09-08,mbp2012
v08.py,137.35,1048576,10000,pypy3,2019-09-08,mbp2012
v08.py,133.74,1048576,10000,pypy3,2019-09-08,mbp2012
v08.py,133.55,1048576,10000,pypy3,2019-09-08,mbp2012
